,image,pred,lon,lat
0,Linh Xuan Ward-70.jpeg,0.9708102643489838,106.76596384634573E,10.876351303619344N
1,Hiep Binh Phuoc Ward-342.jpeg,0.9688787460327148,106.72115885768011E,10.862344005052638N
2,Tam Binh Ward-140.jpeg,0.966231107711792,106.7339857899446E,10.873140437430866N
3,Linh Xuan Ward-147.jpeg,0.9657654836773872,106.76321957317288E,10.883088637433714N
4,Linh Xuan Ward-149.jpeg,0.9640972763299942,106.76596384634573E,10.883088637433714N
5,Linh Xuan Ward-91.jpeg,0.9627075716853142,106.77282452927795E,10.87769877038222N
6,Binh Chieu Ward-67.jpeg,0.9617186635732652,106.7221927273828E,10.875694570094184N
7,Hiep Binh Phuoc Ward-186.jpeg,0.9610379114747049,106.72253086695538E,10.847521870661028N
9,Binh Chieu Ward-188.jpeg,0.9604987353086472,106.73591419507252E,10.881084437145677N
10,Tam Binh Ward-61.jpeg,0.9599167928099632,106.74359027988919E,10.866403103616495N
11,Binh Chieu Ward-190.jpeg,0.9590598493814468,106.73865848861047E,10.881084437145677N
12,Binh Chieu Ward-81.jpeg,0.9575828686356544,106.7414027821484E,10.875694570094184N
13,Linh Xuan Ward-138.jpeg,0.9559135138988496,106.77145239269153E,10.881741170670843N
15,Linh Xuan Ward-179.jpeg,0.9548553600907326,106.76870811951865E,10.885783570959461N
20,Tam Binh Ward-78.jpeg,0.9497577250003816,106.7463344198734E,10.867750570379368N
24,Hiep Binh Phuoc Ward-80.jpeg,0.9356384500861168,106.71841483912952E,10.840784536846662N
27,Tam Binh Ward-93.jpeg,0.9258525520563126,106.74221820989712E,10.86909803714224N
28,Tam Binh Ward-55.jpeg,0.9249611720442772,106.73535785993668E,10.866403103616495N
29,Hiep Binh Phuoc Ward-73.jpeg,0.924198053777218,106.70881077420239E,10.840784536846662N
31,Binh Chieu Ward-25.jpeg,0.9203541204333304,106.73316990153458E,10.872999636568434N
32,Linh Xuan Ward-89.jpeg,0.9168165549635888,106.77008025610506E,10.87769877038222N
33,Linh Xuan Ward-155.jpeg,0.9145309552550316,106.77419666586437E,10.883088637433714N
36,Binh Chieu Ward-56.jpeg,0.9023766815662384,106.74689136922427E,10.87434710333131N
37,Linh Xuan Ward-151.jpeg,0.9022977724671364,106.76870811951865E,10.883088637433714N
38,Linh Xuan Ward-227.jpeg,0.871338002383709,106.7673359829322E,10.893868371536705N
41,Binh Chieu Ward-244.jpeg,0.8513404801487923,106.72768131445869E,10.885126837434298N
42,Linh Xuan Ward-83.jpeg,0.8436941877007484,106.76184743658641E,10.87769877038222N
43,Binh Chieu Ward-156.jpeg,0.8335310965776443,106.7263091676897E,10.879736970382805N
44,Hiep Binh Phuoc Ward-179.jpeg,0.8255373202264309,106.71292680202829E,10.847521870661028N
45,Linh Xuan Ward-204.jpeg,0.8166244104504585,106.77282452927795E,10.888478504485208N
46,Binh Chieu Ward-184.jpeg,0.7942412942647934,106.73042560799664E,10.881084437145677N
47,Linh Xuan Ward-52.jpeg,0.7875362411141396,106.76321957317288E,10.875003836856475N
48,Linh Xuan Ward-43.jpeg,0.7860692068934441,106.77282452927795E,10.873656370093599N
50,Hiep Binh Phuoc Ward-298.jpeg,0.7612341120839119,106.72390287623071E,10.856954138001145N
51,Binh Chieu Ward-78.jpeg,0.7412689626216888,106.73728634184151E,10.875694570094184N
52,Tam Binh Ward-29.jpeg,0.739774726331234,106.73261371995252E,10.86370817009075N
53,Binh Chieu Ward-347.jpeg,0.7382558211684227,106.72082058061385E,10.895906571537289N
62,Binh Chieu Ward-135.jpeg,0.6722056325525045,106.73591419507252E,10.878389503619928N
64,Binh Chieu Ward-209.jpeg,0.6657289806753397,106.73316990153458E,10.882431903908552N
65,Linh Xuan Ward-181.jpeg,0.6524828635156155,106.77145239269153E,10.885783570959461N
66,Tam Binh Ward-51.jpeg,0.6522987596690655,106.72986957996837E,10.866403103616495N
67,Binh Chieu Ward-101.jpeg,0.645900103263557,106.72905346122765E,10.877042036857056N
68,Linh Xuan Ward-115.jpeg,0.6406364683061838,106.76184743658641E,10.880393703907968N
69,Linh Xuan Ward-56.jpeg,0.6335935927927494,106.76870811951865E,10.875003836856475N
71,Tam Binh Ward-21.jpeg,0.6174590475857258,106.73535785993668E,10.862360703327875N
72,Hiep Binh Phuoc Ward-132.jpeg,0.6115414453670382,106.70606675565179E,10.844826937135283N
74,Binh Chieu Ward-338.jpeg,0.5823081526905298,106.71670414030693E,10.894559104774414N
76,Binh Chieu Ward-217.jpeg,0.5694983750581741,106.74551922245533E,10.882431903908552N
77,Binh Chieu Ward-76.jpeg,0.5641051903367043,106.73454204830357E,10.875694570094184N
78,Tam Binh Ward-156.jpeg,0.5617337729781866,106.74770648986546E,10.874487904193737N
79,Binh Chieu Ward-239.jpeg,0.557407611515373,106.72082058061385E,10.885126837434298N
85,Hiep Binh Phuoc Ward-290.jpeg,0.504720576107502,106.72664689478133E,10.855606671238268N
87,Linh Xuan Ward-218.jpeg,0.4853796139359474,106.77008025610506E,10.891173438010956N
89,Linh Xuan Ward-32.jpeg,0.4826667662709951,106.77968521221015E,10.872308903330724N
90,Binh Chieu Ward-192.jpeg,0.4713973989710212,106.7414027821484E,10.881084437145677N
92,Binh Chieu Ward-144.jpeg,0.468451733700931,106.74826351599329E,10.878389503619928N
94,Hiep Binh Phuoc Ward-416.jpeg,0.4646471282467246,106.71978684840481E,10.870428805629881N
95,Binh Chieu Ward-60.jpeg,0.4645385788753629,106.75237995630019E,10.87434710333131N
96,Hiep Binh Phuoc Ward-194.jpeg,0.4643469527363777,106.70469474637649E,10.848869337423903N
97,Hiep Binh Phuoc Ward-267.jpeg,0.4589974172413349,106.72253086695538E,10.852911737712523N
98,Tam Binh Ward-89.jpeg,0.4587168833240866,106.73672992992879E,10.86909803714224N
99,Binh Chieu Ward-311.jpeg,0.4575111232697963,106.73042560799664E,10.890516704485794N
101,Binh Chieu Ward-292.jpeg,0.4527073828503489,106.72493702092075E,10.889169237722918N
102,Linh Xuan Ward-25.jpeg,0.4448529351502657,106.77008025610506E,10.872308903330724N
109,Hiep Binh Phuoc Ward-45.jpeg,0.4308198802173137,106.72253086695538E,10.838089603320915N
112,Linh Xuan Ward-197.jpeg,0.4031861289404332,106.77694093903727E,10.887131037722336N
114,Hiep Binh Phuoc Ward-161.jpeg,0.3957724142819643,106.7170428298542E,10.846174403898155N
115,Linh Xuan Ward-50.jpeg,0.3861708808690309,106.78242948538302E,10.873656370093599N
117,Binh Chieu Ward-336.jpeg,0.3829165464267134,106.72493702092075E,10.893211638011541N
121,Linh Xuan Ward-144.jpeg,0.3692790549248457,106.77968521221015E,10.881741170670843N
122,Linh Xuan Ward-20.jpeg,0.3657443607226014,106.76321957317288E,10.872308903330724N
125,Linh Xuan Ward-175.jpeg,0.361935212276876,106.76321957317288E,10.885783570959461N
126,Tam Binh Ward-83.jpeg,0.3550371574237942,106.72849750997626E,10.86909803714224N
127,Binh Chieu Ward-279.jpeg,0.3520906455814838,106.72768131445869E,10.887821770960048N
128,Tam Binh Ward-98.jpeg,0.3518855003640055,106.74907855985757E,10.86909803714224N
129,Hiep Binh Phuoc Ward-396.jpeg,0.348613946698606,106.72253086695538E,10.867733872104134N
137,Hiep Binh Phuoc Ward-96.jpeg,0.3187644192948937,106.71292680202829E,10.842132003609533N
139,Hiep Binh Phuoc Ward-35.jpeg,0.3033522665500641,106.70881077420239E,10.838089603320915N
140,Hiep Binh Phuoc Ward-122.jpeg,0.3010421306826174,106.72115885768011E,10.843479470372408N
141,Linh Xuan Ward-233.jpeg,0.2989054266363382,106.77008025610506E,10.89521583829958N
142,Binh Chieu Ward-141.jpeg,0.2962101576849818,106.74414707568636E,10.878389503619928N
146,Binh Chieu Ward-41.jpeg,0.2876887880265713,106.7263091676897E,10.87434710333131N
148,Hiep Binh Phuoc Ward-82.jpeg,0.2818779561202973,106.72115885768011E,10.840784536846662N
150,Tam Binh Ward-136.jpeg,0.2746230866760015,106.72849750997626E,10.873140437430866N
152,Linh Xuan Ward-117.jpeg,0.2722848495468497,106.76459170975932E,10.880393703907968N
157,Binh Chieu Ward-304.jpeg,0.2622345071285963,106.72082058061385E,10.890516704485794N
158,Hiep Binh Phuoc Ward-378.jpeg,0.2574719758704304,106.7170428298542E,10.86638640534126N
161,Binh Chieu Ward-220.jpeg,0.2521376544609666,106.7180762870759E,10.883779370671427N
162,Binh Chieu Ward-284.jpeg,0.2480416055768728,106.71395984676897E,10.889169237722918N
166,Hiep Binh Phuoc Ward-418.jpeg,0.2392672710120678,106.72253086695538E,10.870428805629881N
167,Linh Xuan Ward-112.jpeg,0.2373383417725563,106.77968521221015E,10.879046237145094N
168,Hiep Binh Phuoc Ward-71.jpeg,0.23479984421283,106.70606675565179E,10.840784536846662N
169,Tam Binh Ward-46.jpeg,0.2345534432679414,106.73947406991294E,10.865055636853619N
170,Hiep Binh Phuoc Ward-21.jpeg,0.2301691770553589,106.71292680202829E,10.83674213655804N
172,Hiep Binh Phuoc Ward-296.jpeg,0.2200090549886226,106.72115885768011E,10.856954138001145N
175,Hiep Binh Phuoc Ward-3.jpeg,0.2113420478999614,106.7101827834777E,10.835394669795166N
176,Binh Chieu Ward-234.jpeg,0.2082148091867566,106.73728634184151E,10.883779370671427N
178,Hiep Binh Phuoc Ward-411.jpeg,0.2061979752033949,106.72801890405661E,10.869081338867007N
181,Hiep Binh Phuoc Ward-25.jpeg,0.2020345544442534,106.71841483912952E,10.83674213655804N
186,Binh Chieu Ward-123.jpeg,0.184850419871509,106.71944843384486E,10.878389503619928N
188,Binh Chieu Ward-120.jpeg,0.1794233303517103,106.71533199353793E,10.878389503619928N
189,Binh Chieu Ward-43.jpeg,0.1792285195551812,106.72905346122765E,10.87434710333131N
195,Linh Xuan Ward-209.jpeg,0.1729673342779278,106.7673359829322E,10.889825971248083N
197,Binh Chieu Ward-18.jpeg,0.1726052435114979,106.7235648741518E,10.872999636568434N
198,Tam Binh Ward-4.jpeg,0.1720073353499174,106.7339857899446E,10.859665769802124N
200,Linh Xuan Ward-62.jpeg,0.1680964827537536,106.77694093903727E,10.875003836856475N
208,Hiep Binh Phuoc Ward-58.jpeg,0.1548249404877424,106.71429881130359E,10.839437070083784N
210,Binh Chieu Ward-286.jpeg,0.1529895616695284,106.71670414030693E,10.889169237722918N
214,Linh Xuan Ward-220.jpeg,0.1454330654814839,106.77282452927795E,10.891173438010956N
217,Binh Chieu Ward-178.jpeg,0.1433201767504215,106.7221927273828E,10.881084437145677N
219,Tam Binh Ward-8.jpeg,0.1422220803797245,106.72986957996837E,10.861013236564999N
222,Hiep Binh Phuoc Ward-319.jpeg,0.1415168000385165,106.72253086695538E,10.859649071526892N
227,Binh Chieu Ward-139.jpeg,0.1396138314157724,106.7414027821484E,10.878389503619928N
230,Hiep Binh Phuoc Ward-227.jpeg,0.1358209755271673,106.72115885768011E,10.850216804186774N
231,Binh Chieu Ward-254.jpeg,0.1351768979802727,106.71670414030693E,10.88647430419717N
232,Linh Xuan Ward-7.jpeg,0.1350429644808173,106.78105734879661E,10.869613969804979N
236,Hiep Binh Phuoc Ward-271.jpeg,0.1328197754919529,106.72801890405661E,10.852911737712523N
237,Hiep Binh Phuoc Ward-398.jpeg,0.13180838432163,106.72527488550601E,10.867733872104134N
247,Hiep Binh Phuoc Ward-210.jpeg,0.1241459408774972,106.72664689478133E,10.848869337423903N
254,Binh Chieu Ward-99.jpeg,0.1204931335523724,106.7263091676897E,10.877042036857056N
258,Tam Binh Ward-73.jpeg,0.1198447356000542,106.73947406991294E,10.867750570379368N
260,Hiep Binh Phuoc Ward-432.jpeg,0.1185230240225792,106.72664689478133E,10.871776272392758N
264,Hiep Binh Phuoc Ward-387.jpeg,0.117584278807044,106.72939091333191E,10.86638640534126N
270,Tam Binh Ward-154.jpeg,0.1167503097094595,106.7449623498813E,10.874487904193737N
271,Binh Chieu Ward-28.jpeg,0.1163562731817364,106.73728634184151E,10.872999636568434N
276,Linh Xuan Ward-125.jpeg,0.1148981358855962,106.77556880245083E,10.880393703907968N
277,Binh Chieu Ward-247.jpeg,0.1148077081888914,106.73179775476564E,10.885126837434298N
288,Tam Binh Ward-159.jpeg,0.1103186607360839,106.73261371995252E,10.87583537095661N
290,Binh Chieu Ward-275.jpeg,0.1096913237124681,106.7221927273828E,10.887821770960048N
293,Tam Binh Ward-134.jpeg,0.1088404171168804,106.72575336999209E,10.873140437430866N
296,Hiep Binh Phuoc Ward-23.jpeg,0.1078801285475492,106.71567082057891E,10.83674213655804N
302,Hiep Binh Phuoc Ward-313.jpeg,0.1074927430599927,106.72939091333191E,10.858301604764018N
303,Binh Chieu Ward-268.jpeg,0.1071823816746473,106.73591419507252E,10.88647430419717N
304,Tam Binh Ward-130.jpeg,0.1068818187341094,106.74359027988919E,10.871792970667988N
308,Hiep Binh Phuoc Ward-138.jpeg,0.1057828851044178,106.71429881130359E,10.844826937135283N
311,Binh Chieu Ward-125.jpeg,0.1055874601006507,106.7221927273828E,10.878389503619928N
326,Hiep Binh Phuoc Ward-11.jpeg,0.1031008837744593,106.72115885768011E,10.835394669795166N
329,Hiep Binh Phuoc Ward-229.jpeg,0.1026882026344537,106.72390287623071E,10.850216804186774N
332,Binh Chieu Ward-3.jpeg,0.1024489430710673,106.7263091676897E,10.87165216980556N
336,Hiep Binh Phuoc Ward-119.jpeg,0.1021161191165447,106.7170428298542E,10.843479470372408N
338,Hiep Binh Phuoc Ward-257.jpeg,0.1018098471686244,106.70469474637649E,10.852911737712523N
341,Hiep Binh Phuoc Ward-184.jpeg,0.1014535911381244,106.71978684840481E,10.847521870661028N
348,Tam Binh Ward-114.jpeg,0.1004197830334305,106.7463344198734E,10.870445503905115N
349,Hiep Binh Phuoc Ward-108.jpeg,0.1003537494689226,106.70195072782592E,10.843479470372408N
355,Linh Xuan Ward-130.jpeg,0.099547010846436,106.78242948538302E,10.880393703907968N
357,Hiep Binh Phuoc Ward-440.jpeg,0.0992753710597753,106.72390287623071E,10.873123739155629N
360,Linh Xuan Ward-198.jpeg,0.0988666075281798,106.76459170975932E,10.888478504485208N
366,Hiep Binh Phuoc Ward-203.jpeg,0.0976414317265153,106.7170428298542E,10.848869337423903N
378,Hiep Binh Phuoc Ward-380.jpeg,0.0957783916965127,106.71978684840481E,10.86638640534126N
380,Hiep Binh Phuoc Ward-423.jpeg,0.0947371609508991,106.71429881130359E,10.871776272392758N
392,Binh Chieu Ward-54.jpeg,0.0934217376634478,106.74414707568636E,10.87434710333131N
393,Hiep Binh Phuoc Ward-56.jpeg,0.0933934291824698,106.711554792753E,10.839437070083784N
400,Linh Xuan Ward-93.jpeg,0.0927914613857865,106.77556880245083E,10.87769877038222N
408,Binh Chieu Ward-328.jpeg,0.0922268331050872,106.71395984676897E,10.893211638011541N
409,Hiep Binh Phuoc Ward-265.jpeg,0.0920071732252836,106.71978684840481E,10.852911737712523N
410,Linh Xuan Ward-173.jpeg,0.0918809073045849,106.77831307562371E,10.884436104196588N
412,Hiep Binh Phuoc Ward-336.jpeg,0.0916607016697526,106.72939091333191E,10.860996538289765N
413,Binh Chieu Ward-218.jpeg,0.091587197035551,106.71533199353793E,10.883779370671427N
420,Tam Binh Ward-86.jpeg,0.0911507727578282,106.73261371995252E,10.86909803714224N
421,Tam Binh Ward-53.jpeg,0.091081952676177,106.73261371995252E,10.866403103616495N
423,Hiep Binh Phuoc Ward-322.jpeg,0.0907613942399621,106.72664689478133E,10.859649071526892N
427,Tam Binh Ward-109.jpeg,0.0903095211833715,106.73947406991294E,10.870445503905115N
436,Binh Chieu Ward-173.jpeg,0.0898071620613336,106.71533199353793E,10.881084437145677N
458,Hiep Binh Phuoc Ward-126.jpeg,0.0881216321140527,106.72664689478133E,10.843479470372408N
459,Hiep Binh Phuoc Ward-344.jpeg,0.0880867782980203,106.72390287623071E,10.862344005052638N
460,Hiep Binh Phuoc Ward-390.jpeg,0.0879414514638483,106.71429881130359E,10.867733872104134N
468,Binh Chieu Ward-224.jpeg,0.0874006357043981,106.7235648741518E,10.883779370671427N
470,Binh Chieu Ward-133.jpeg,0.0868911575525999,106.73316990153458E,10.878389503619928N
472,Hiep Binh Phuoc Ward-155.jpeg,0.0867087664082646,106.70881077420239E,10.846174403898155N
473,Binh Chieu Ward-349.jpeg,0.0866504842415452,106.7180762870759E,10.897254038300163N
483,Tam Binh Ward-5.jpeg,0.0854263259097933,106.72575336999209E,10.861013236564999N
484,Binh Chieu Ward-5.jpeg,0.0853871628642082,106.72905346122765E,10.87165216980556N
498,Binh Chieu Ward-15.jpeg,0.0843874216079711,106.74414707568636E,10.87165216980556N
502,Binh Chieu Ward-30.jpeg,0.08416030369699,106.74003063537943E,10.872999636568434N
503,Binh Chieu Ward-334.jpeg,0.0840852363035082,106.7221927273828E,10.893211638011541N
509,Linh Xuan Ward-103.jpeg,0.0836059693247079,106.7673359829322E,10.879046237145094N
511,Tam Binh Ward-157.jpeg,0.0835320269688963,106.72986957996837E,10.87583537095661N
512,Hiep Binh Phuoc Ward-136.jpeg,0.0835301708430051,106.711554792753E,10.844826937135283N
525,Binh Chieu Ward-64.jpeg,0.0828708428889513,106.7180762870759E,10.875694570094184N
537,Hiep Binh Phuoc Ward-340.jpeg,0.0821855692192912,106.71841483912952E,10.862344005052638N
555,Binh Chieu Ward-281.jpeg,0.0815959759056568,106.73042560799664E,10.887821770960048N
556,Linh Xuan Ward-29.jpeg,0.0815665060654282,106.77556880245083E,10.872308903330724N
575,Hiep Binh Phuoc Ward-349.jpeg,0.0806129444390535,106.71429881130359E,10.863691471815514N
597,Binh Chieu Ward-283.jpeg,0.0797623256221413,106.73316990153458E,10.887821770960048N
606,Tam Binh Ward-27.jpeg,0.0792265702039003,106.72986957996837E,10.86370817009075N
615,Tam Binh Ward-125.jpeg,0.0789147652685642,106.73672992992879E,10.871792970667988N
619,Hiep Binh Phuoc Ward-13.jpeg,0.0786029025912284,106.72390287623071E,10.835394669795166N
636,Hiep Binh Phuoc Ward-403.jpeg,0.0777451423928141,106.7170428298542E,10.869081338867007N
637,Hiep Binh Phuoc Ward-269.jpeg,0.077690789476037,106.72527488550601E,10.852911737712523N
640,Hiep Binh Phuoc Ward-32.jpeg,0.0775341819971799,106.70469474637649E,10.838089603320915N
644,Hiep Binh Phuoc Ward-292.jpeg,0.0774205503985285,106.72939091333191E,10.855606671238268N
647,Binh Chieu Ward-176.jpeg,0.0773266516625881,106.71944843384486E,10.881084437145677N
663,Binh Chieu Ward-327.jpeg,0.0767525099217891,106.73316990153458E,10.891864171248669N
665,Hiep Binh Phuoc Ward-317.jpeg,0.0763953244313597,106.71978684840481E,10.859649071526892N
667,Hiep Binh Phuoc Ward-168.jpeg,0.0763396210968494,106.72664689478133E,10.846174403898155N
681,Binh Chieu Ward-61.jpeg,0.0754579501226544,106.71395984676897E,10.875694570094184N
717,Binh Chieu Ward-309.jpeg,0.074441653676331,106.72768131445869E,10.890516704485794N
719,Hiep Binh Phuoc Ward-326.jpeg,0.0743920393288135,106.71567082057891E,10.860996538289765N
723,Tam Binh Ward-138.jpeg,0.0742685869336128,106.73124164996044E,10.873140437430866N
724,Hiep Binh Phuoc Ward-145.jpeg,0.0742552196606993,106.72390287623071E,10.844826937135283N
739,Linh Xuan Ward-80.jpeg,0.0738050891086459,106.77968521221015E,10.876351303619344N
743,Tam Binh Ward-49.jpeg,0.0737356962636113,106.72712543998416E,10.866403103616495N
744,Binh Chieu Ward-204.jpeg,0.0737074203789234,106.7263091676897E,10.882431903908552N
749,Tam Binh Ward-142.jpeg,0.0736142927780747,106.73947406991294E,10.873140437430866N
759,Linh Xuan Ward-82.jpeg,0.0733526581898331,106.78242948538302E,10.876351303619344N
763,Hiep Binh Phuoc Ward-104.jpeg,0.0730435205623507,106.72390287623071E,10.842132003609533N
777,Binh Chieu Ward-74.jpeg,0.0726455403491854,106.73179775476564E,10.875694570094184N
785,Hiep Binh Phuoc Ward-370.jpeg,0.072217158973217,106.72527488550601E,10.865038938578387N
787,Hiep Binh Phuoc Ward-261.jpeg,0.0721738561987876,106.71429881130359E,10.852911737712523N
789,Linh Xuan Ward-2.jpeg,0.0720793679356575,106.77419666586437E,10.869613969804979N
794,Hiep Binh Phuoc Ward-425.jpeg,0.0717888670042157,106.7170428298542E,10.871776272392758N
798,Hiep Binh Phuoc Ward-241.jpeg,0.0716982539743185,106.7101827834777E,10.85156427094965N
811,Linh Xuan Ward-202.jpeg,0.0713037131354212,106.77008025610506E,10.888478504485208N
812,Linh Xuan Ward-177.jpeg,0.0711488276720047,106.76596384634573E,10.885783570959461N
827,Hiep Binh Phuoc Ward-217.jpeg,0.0705388579517602,106.7074387649271E,10.850216804186774N
831,Hiep Binh Phuoc Ward-69.jpeg,0.0704302317462861,106.7033227371012E,10.840784536846662N
835,Binh Chieu Ward-273.jpeg,0.0702340048737824,106.71944843384486E,10.887821770960048N
839,Binh Chieu Ward-317.jpeg,0.0701582310721278,106.7180762870759E,10.891864171248669N
846,Binh Chieu Ward-117.jpeg,0.070060265250504,106.75100780953125E,10.877042036857056N
858,Hiep Binh Phuoc Ward-359.jpeg,0.0693910727277398,106.72801890405661E,10.863691471815514N
859,Binh Chieu Ward-137.jpeg,0.0693285362794995,106.73865848861047E,10.878389503619928N
874,Linh Xuan Ward-183.jpeg,0.0690147820860147,106.77419666586437E,10.885783570959461N
902,Hiep Binh Phuoc Ward-221.jpeg,0.0678977314382791,106.71292680202829E,10.850216804186774N
915,Hiep Binh Phuoc Ward-304.jpeg,0.0675331689417362,106.7170428298542E,10.858301604764018N
922,Binh Chieu Ward-260.jpeg,0.0672833062708377,106.72493702092075E,10.88647430419717N
928,Hiep Binh Phuoc Ward-235.jpeg,0.066924980841577,106.70195072782592E,10.85156427094965N
934,Binh Chieu Ward-58.jpeg,0.0666915415786206,106.74963566276224E,10.87434710333131N
935,Tam Binh Ward-81.jpeg,0.066661471966654,106.72575336999209E,10.86909803714224N
937,Hiep Binh Phuoc Ward-211.jpeg,0.066586434841156,106.69920670927529E,10.850216804186774N
942,Hiep Binh Phuoc Ward-0.jpeg,0.0662345634773373,106.70606675565179E,10.835394669795166N
961,Hiep Binh Phuoc Ward-30.jpeg,0.0655924351885914,106.70195072782592E,10.838089603320915N
971,Linh Xuan Ward-23.jpeg,0.064938232768327,106.7673359829322E,10.872308903330724N
981,Hiep Binh Phuoc Ward-198.jpeg,0.0646113087423145,106.7101827834777E,10.848869337423903N
1009,Hiep Binh Phuoc Ward-368.jpeg,0.0626031551510095,106.72253086695538E,10.865038938578387N
1010,Hiep Binh Phuoc Ward-47.jpeg,0.0625621802173554,106.69920670927529E,10.839437070083784N
1012,Hiep Binh Phuoc Ward-263.jpeg,0.0624906327575445,106.7170428298542E,10.852911737712523N
1027,Tam Binh Ward-24.jpeg,0.0618533976376056,106.72575336999209E,10.86370817009075N
1033,Hiep Binh Phuoc Ward-283.jpeg,0.0614727823995053,106.7170428298542E,10.855606671238268N
1038,Hiep Binh Phuoc Ward-438.jpeg,0.0609634020365774,106.72115885768011E,10.873123739155629N
1042,Linh Xuan Ward-5.jpeg,0.0605973629280924,106.77831307562371E,10.869613969804979N
1048,Linh Xuan Ward-0.jpeg,0.0599732846021652,106.77145239269153E,10.869613969804979N
1057,Tam Binh Ward-23.jpeg,0.0595439276657998,106.73810199992089E,10.862360703327875N
1074,Hiep Binh Phuoc Ward-259.jpeg,0.0585819948464632,106.7074387649271E,10.852911737712523N
1076,Binh Chieu Ward-252.jpeg,0.058380136732012,106.71395984676897E,10.88647430419717N
1090,Hiep Binh Phuoc Ward-86.jpeg,0.0570748574100434,106.69920670927529E,10.842132003609533N
1094,Binh Chieu Ward-16.jpeg,0.0566775547340512,106.72082058061385E,10.872999636568434N
1142,Hiep Binh Phuoc Ward-113.jpeg,0.0498065040446817,106.70881077420239E,10.843479470372408N
