,image,pred,lon,lat,anditi_id
626,Long Xuyen City-876.jpeg,0.97480696,10.328669471374916N,105.48379231957885E,932
43,Hoa Lư District-232.jpeg,0.97314507,20.192601907264667N,105.9449627742907E,426
38,Long Xuyen City-2235.jpeg,0.97257024,10.359661206920979N,105.44543657570988E,11
22,Hoa Lư District-4780.jpeg,0.9723911,20.309831515637743N,105.94065406103809E,403
28,Bến Tre City-1622.jpeg,0.9723456,10.23676267278597N,106.40498635734843E,717
7,Hoa Lư District-4828.jpeg,0.9719704,20.311178982400655N,105.93921782328722E,402
5,Duy Tiên District-2232.jpeg,0.9718418,20.62813097761375N,106.00944569377715E,316
52,Duy Tiên District-2232.jpeg,0.9718418,20.62813097761375N,106.00944569377715E,315
625,Long Xuyen City-4311.jpeg,0.9718355,10.404127610095772N,105.41803961580345E,939
6,Tam Điệp-1576.jpeg,0.971835,20.142602408686262N,105.87803669181591E,892
10,Tam Điệp-1576.jpeg,0.971835,20.142602408686262N,105.87803669181591E,889
92,Long Hồ District-7652.jpeg,0.97162175,10.280652179985056N,105.99888735620941E,550
2,Tam Điệp-2323.jpeg,0.9714347,20.15472960955243N,105.8966970662838E,891
40,Duy Tiên District-593.jpeg,0.9713272,20.589054441489335N,105.97920979293177E,341
14,Duy Tiên District-593.jpeg,0.9713272,20.589054441489335N,105.97920979293177E,340
277,Duy Tiên District-4669.jpeg,0.97123384,20.66316511344944N,105.94033506327347E,324
215,Duy Tiên District-4669.jpeg,0.97123384,20.66316511344944N,105.94033506327347E,323
26,Tam Điệp-2494.jpeg,0.9710655,20.15742454307825N,105.87229503813346E,886
474,Binh Minh Town-3886.jpeg,0.9709907,10.086797476767636N,105.82963616598438E,29
25,Cao Lanh City-3056.jpeg,0.97084945,10.46348580695066N,105.58791183307821E,499
33,Long Hồ District-1355.jpeg,0.9708266,10.162075104852311N,105.91673263948E,34
45,Long Xuyen City-815.jpeg,0.970809,10.327322004612043N,105.48653201556948E,934
54,Long Xuyen City-815.jpeg,0.970809,10.327322004612043N,105.48653201556948E,933
528,Yên Mỹ District-551.jpeg,0.9707539,20.859927407762545N,106.06522281735624E,257
32,Yên Mỹ District-551.jpeg,0.9707539,20.859927407762545N,106.06522281735624E,256
34,Chau Doc City-4650.jpeg,0.9707201,10.714649543709605N,105.11522045413554E,466
42,Thái Bình-3183.jpeg,0.9707081,20.49449397929634N,106.33782623250777E,455
121,Bac Giang City-1451.jpeg,0.9707008,21.272614943430767N,106.16347291657819E,190
61,Bac Giang City-1451.jpeg,0.9707008,21.272614943430767N,106.16347291657819E,191
41,Hung Yen City-1064.jpeg,0.9704023,20.634087341503548N,106.07920439866642E,301
565,Cao Lanh City-3509.jpeg,0.9704011,10.472918074290767N,105.64820229923467E,20
9,Long Xuyen City-3798.jpeg,0.9702791,10.392000409229915N,105.41666976780813E,920
192,Hung Yen City-3244.jpeg,0.9702571,20.701460679649117N,106.05904334902549E,272
118,Hung Yen City-3244.jpeg,0.9702571,20.701460679649117N,106.05904334902549E,271
350,Tam Điệp-2340.jpeg,0.9701543,20.15472960955243N,105.92109909443417E,894
554,Tam Điệp-2340.jpeg,0.9701543,20.15472960955243N,105.92109909443417E,896
116,Hoa Lư District-3999.jpeg,0.9701073,20.29231444771992N,105.90905683051905E,410
48,Hoa Lư District-3999.jpeg,0.9701073,20.29231444771992N,105.90905683051905E,411
77,Chau Doc City-4764.jpeg,0.97007567,10.72273434428684N,105.11110668603992E,6
314,Chau Doc City-4764.jpeg,0.97007567,10.72273434428684N,105.11110668603992E,7
18,Thái Bình-2478.jpeg,0.97005785,20.47158704432686N,106.3766557076012E,859
82,Thái Bình-2478.jpeg,0.97005785,20.47158704432686N,106.3766557076012E,458
60,Bac Giang City-1970.jpeg,0.96992534,21.28204721077117N,106.16925674572272E,195
302,Bac Giang City-1970.jpeg,0.96992534,21.28204721077117N,106.16925674572272E,194
161,Yên Mỹ District-4066.jpeg,0.9698127,20.92460581238234N,106.04647263953045E,238
130,Yên Mỹ District-4066.jpeg,0.9698127,20.92460581238234N,106.04647263953045E,239
64,Sa Đéc City-558.jpeg,0.9697398,10.282888271074373N,105.75592837463535E,531
8,Chau Doc City-1374.jpeg,0.96959496,10.655361006143185N,105.12070547826302E,960
106,Hiệp Hòa District-291.jpeg,0.96954155,21.239231207308055N,105.95145637212903E,165
422,Chau Doc City-1925.jpeg,0.9695369,10.666140740246163N,105.04665765254184E,1
317,Chau Doc City-1925.jpeg,0.9695369,10.666140740246163N,105.04665765254184E,2
439,Hoa Lư District-3975.jpeg,0.96951103,20.290966980957013N,105.97368752930801E,409
195,Bến Tre City-1445.jpeg,0.9693859,10.234067739260228N,106.36253914363279E,702
600,Tam Điệp-1740.jpeg,0.9693667,20.14529734221208N,105.89526165286318E,119
476,Cao Lanh City-2252.jpeg,0.96935946,10.445968739033315N,105.65368325070345E,953
451,Cao Lanh City-2252.jpeg,0.96935946,10.445968739033315N,105.65368325070345E,952
11,Chau Doc City-3703.jpeg,0.96934694,10.693090075503628N,105.1275617584224E,472
563,Hung Yen City-1138.jpeg,0.9691983,20.635434808266467N,106.09360514840996E,304
105,Chau Doc City-1540.jpeg,0.96904635,10.6594034064318N,105.05214267666935E,478
435,Binh Minh Town-3185.jpeg,0.96899027,10.06793294208743N,105.79816180127875E,26
433,Binh Minh Town-3185.jpeg,0.96899027,10.06793294208743N,105.79816180127875E,25
509,Binh Minh Town-3395.jpeg,0.96891373,10.073322809138919N,105.81595165959065E,28
201,Long Xuyen City-2665.jpeg,0.96880734,10.369093474261087N,105.39749189587366E,918
124,Duy Tiên District-2963.jpeg,0.96867174,20.638910711717042N,105.97057096411882E,338
111,Duy Tiên District-2980.jpeg,0.9686687,20.638910711717042N,105.99504764575553E,310
571,Duy Tiên District-3703.jpeg,0.968612,20.649690445820323N,105.90290013841727E,327
576,Duy Tiên District-3703.jpeg,0.968612,20.649690445820323N,105.90290013841727E,326
292,Duy Tiên District-3703.jpeg,0.968612,20.649690445820323N,105.90290013841727E,325
411,Bac Giang City-923.jpeg,0.96858436,21.259140275801617N,106.21118950702069E,204
347,Bac Giang City-923.jpeg,0.96858436,21.259140275801617N,106.21118950702069E,205
245,Ninh Bình-1446.jpeg,0.96845084,20.250959742820164N,105.98737866517162E,877
74,Yên Mỹ District-3493.jpeg,0.9684032,20.912478611516125N,106.03637638993195E,266
157,Yên Mỹ District-3493.jpeg,0.9684032,20.912478611516125N,106.03637638993195E,267
301,Yên Mỹ District-3542.jpeg,0.9683814,20.91382607827904N,106.00464531976523E,625
154,Yên Mỹ District-3542.jpeg,0.9683814,20.91382607827904N,106.00464531976523E,108
146,Mỹ Hào District-3736.jpeg,0.9683791,20.964877745920074N,106.07477641141628E,621
135,Mỹ Hào District-3736.jpeg,0.9683791,20.964877745920074N,106.07477641141628E,107
15,Bến Tre City-894.jpeg,0.9683156,10.22194053839438N,106.36664693850851E,703
523,Duy Tiên District-56.jpeg,0.968273,20.563452572994034N,105.97057096411882E,342
613,Thái Bình-929.jpeg,0.9682201,20.437900375254113N,106.36371254923672E,459
24,Hung Yen City-1307.jpeg,0.9681675,20.6394772085552N,106.08784484851255E,303
489,Mỹ Tho-1641.jpeg,0.968135,10.35835473900827N,106.36425432052351E,829
354,Long Hồ District-2856.jpeg,0.9681256,10.17959217276965N,105.98245641286351E,41
482,Long Hồ District-2856.jpeg,0.9681256,10.17959217276965N,105.98245641286351E,680
641,Cai Lậy Town-1667.jpeg,0.9681124,10.392503372543006N,106.17997415845979E,775
68,Yên Mỹ District-437.jpeg,0.9680973,20.857232474236717N,106.03781871130316E,626
413,Phu Ly City-2983.jpeg,0.9680467,20.558584277879262N,105.97612708628108E,361
283,Phu Ly City-2983.jpeg,0.9680467,20.558584277879262N,105.97612708628108E,360
492,Duy Tiên District-1195.jpeg,0.96802944,20.610613909695914N,105.98064959773393E,335
459,Cao Lanh City-2835.jpeg,0.96797633,10.458095939899168N,105.61531659042207E,512
140,Thái Bình-1314.jpeg,0.96795255,20.445985175831566N,106.33351184638626E,860
652,Thái Bình-1314.jpeg,0.96795255,20.445985175831566N,106.33351184638626E,438
101,Tam Điệp-4652.jpeg,0.967934,20.188416278625144N,105.88234293207772E,885
374,Thái Bình-703.jpeg,0.9679291,20.433857974965385N,106.32488307414329E,432
123,Yên Mỹ District-2857.jpeg,0.9678745,20.901698877412827N,105.98445282056821E,265
70,Go Cong Town-2262.jpeg,0.96785855,10.402126741033015N,106.67722248206778E,851
109,Thái Bình-1124.jpeg,0.96783674,20.441942775542838N,106.35364564828657E,443
88,Hoa Lư District-3888.jpeg,0.96781373,20.2896195141941N,105.95358020079591E,408
293,Bến Tre City-3201.jpeg,0.96776617,10.267754408332031N,106.34063090429568E,698
76,Bến Tre City-3201.jpeg,0.96776617,10.267754408332031N,106.34063090429568E,689
81,Bến Tre City-3201.jpeg,0.96776617,10.267754408332031N,106.34063090429568E,704
242,Cao Lanh City-1605.jpeg,0.9677548,10.435189004930335N,105.66464515364099E,21
597,Long Hồ District-9160.jpeg,0.9677311,10.310296448768243N,105.99751811093057E,551
276,Long Hồ District-9160.jpeg,0.9677311,10.310296448768243N,105.99751811093057E,681
128,Thanh Liêm District-4108.jpeg,0.96767086,20.45718267928458N,105.96928126363952E,368
633,Cai Lậy Town-2310.jpeg,0.9675752,10.404630573408856N,106.11146990241708E,595
86,Duy Tiên District-4047.jpeg,0.9675606,20.65373284610907N,105.97776998812962E,314
329,Yên Mỹ District-745.jpeg,0.96755934,20.86531727481419N,106.03493406856073E,255
73,Yên Mỹ District-2290.jpeg,0.967479,20.89226661007244N,105.97868353508335E,263
632,Sa Đéc City-877.jpeg,0.96747243,10.29366800517735N,105.75866764172142E,907
221,Long Xuyen City-2924.jpeg,0.9674646,10.374483341312578N,105.39201250389237E,490
183,Hiệp Hòa District-8967.jpeg,0.96744686,21.391494951517444N,105.97170813559445E,997
547,Bac Giang City-2928.jpeg,0.967425,21.300911745451973N,106.17937844672568E,196
252,Hoa Lư District-4160.jpeg,0.96737427,20.295009381245738N,105.9492714875433E,407
494,Long Hồ District-3371.jpeg,0.967362,10.18632950658401N,105.9345328281047E,38
159,Cao Lanh City-2855.jpeg,0.967345,10.458095939899168N,105.64272134776591E,950
117,Mỹ Hào District-1241.jpeg,0.96732384,20.919063875981042N,106.10939914054936E,226
234,Mỹ Hào District-1241.jpeg,0.96732384,20.919063875981042N,106.10939914054936E,227
260,Cao Lanh City-4206.jpeg,0.9673084,10.487740208682368N,105.61531659042207E,509
188,Cao Lanh City-2530.jpeg,0.96729714,10.45135860608481N,105.64272134776591E,949
593,Thanh Liêm District-3202.jpeg,0.96728647,20.44505547841839N,105.92326344368263E,390
291,Sa Đéc City-2693.jpeg,0.9672695,10.363736276846714N,105.72442680314552E,520
457,Bac Giang City-2506.jpeg,0.9671872,21.291479478111572N,106.20685163516228E,199
29,Bac Giang City-2506.jpeg,0.9671872,21.291479478111572N,106.20685163516228E,200
241,Long Hồ District-5516.jpeg,0.9671734,10.225406042707299N,105.94274829977763E,562
417,Long Hồ District-5516.jpeg,0.9671734,10.225406042707299N,105.94274829977763E,563
84,Duy Tiên District-3644.jpeg,0.9671396,20.64834297905742N,105.95905252570155E,618
200,Phu Ly City-750.jpeg,0.96711993,20.52085520851777N,105.96893218872448E,356
186,Phu Ly City-750.jpeg,0.96711993,20.52085520851777N,105.96893218872448E,355
39,Cao Lanh City-2579.jpeg,0.9670862,10.452706072847677N,105.61531659042207E,513
134,Hoa Lư District-2307.jpeg,0.96707445,20.2438056442552N,105.93490911003464E,427
142,Hoa Lư District-2307.jpeg,0.96707445,20.2438056442552N,105.93490911003464E,428
177,Chau Doc City-3782.jpeg,0.9670605,10.694437542266506N,105.12619050239051E,471
244,Mỹ Tho-3630.jpeg,0.96704406,10.393388874842957N,106.33685817033654E,588
240,Mỹ Tho-3630.jpeg,0.96704406,10.393388874842957N,106.33685817033654E,589
17,Long Xuyen City-2432.jpeg,0.9670022,10.363703607209597N,105.4468064237052E,10
66,Duy Tiên District-4873.jpeg,0.9669594,20.66586004697526N,105.99216803615124E,318
75,Long Hồ District-5316.jpeg,0.9669239,10.22136364241868N,105.9345328281047E,564
511,Hiệp Hòa District-9241.jpeg,0.96691406,21.398232285332018N,105.99340645359315E,134
363,Hiệp Hòa District-9241.jpeg,0.96691406,21.398232285332018N,105.99340645359315E,133
21,Yên Mỹ District-2234.jpeg,0.9669107,20.890919143309524N,106.0205108548486E,247
237,Yên Mỹ District-2234.jpeg,0.9669107,20.890919143309524N,106.0205108548486E,248
50,Mỹ Hào District-791.jpeg,0.9668615,20.90828414187774N,106.10939914054936E,222
226,Mỹ Hào District-791.jpeg,0.9668615,20.90828414187774N,106.10939914054936E,221
104,Cao Lanh City-4196.jpeg,0.96683306,10.487740208682368N,105.60161421175015E,505
163,Binh Minh Town-3149.jpeg,0.96683013,10.066585475324558N,105.81732011023E,27
85,Duy Tiên District-985.jpeg,0.96682984,20.605224042644267N,105.9561729160972E,333
63,Duy Tiên District-985.jpeg,0.96682984,20.605224042644267N,105.9561729160972E,334
147,Yên Mỹ District-1817.jpeg,0.9667695,20.884181809494965N,106.03349174718953E,246
328,Ninh Bình-2307.jpeg,0.96668273,20.28060401160416N,105.9586548246137E,115
220,Ninh Bình-2307.jpeg,0.96668273,20.28060401160416N,105.9586548246137E,864
144,Cai Lậy Town-4256.jpeg,0.9666586,10.441012176006415N,106.1881946691849E,776
30,Tam Điệp-2690.jpeg,0.9666054,20.16011947660407N,105.87229503813346E,429
150,Yên Mỹ District-738.jpeg,0.9665921,20.86531727481419N,106.02483781896224E,254
193,Yên Mỹ District-738.jpeg,0.9665921,20.86531727481419N,106.02483781896224E,253
649,Cao Lanh City-1915.jpeg,0.9665532,10.440578871981824N,105.63312968269555E,514
552,Thái Bình-742.jpeg,0.96651614,20.433857974965385N,106.38097009372268E,460
368,Hiệp Hòa District-9060.jpeg,0.9664523,21.39418988504327N,105.95724259026198E,139
253,Hiệp Hòa District-9060.jpeg,0.9664523,21.39418988504327N,105.95724259026198E,138
108,Long Hồ District-7869.jpeg,0.96641904,10.284694580273671N,105.9810871675847E,547
99,Long Xuyen City-1243.jpeg,0.96638393,10.336754271952149N,105.4742033836116E,930
464,Hiệp Hòa District-3906.jpeg,0.96632564,21.310646945742537N,106.00931855345885E,180
184,Mỹ Hào District-1054.jpeg,0.9663,20.915021475692306N,106.10218607197996E,225
3,Tam Điệp-1836.jpeg,0.96622366,20.146644808974987N,105.92253450785479E,897
100,Chau Doc City-428.jpeg,0.966128,10.632454071174337N,105.09876538175307E,477
173,Cao Lanh City-1977.jpeg,0.9661003,10.441926338744695N,105.60572492535172E,497
126,Chau Doc City-4520.jpeg,0.9660876,10.70925967665811N,105.12070547826302E,469
149,Cao Lanh City-3980.jpeg,0.96607435,10.483697808393746N,105.58243088160945E,500
65,Tây Ninh City-1446.jpeg,0.9659931,11.335347839575835N,106.08389527457642E,962
296,Duy Tiên District-4976.jpeg,0.96596676,20.66720751373818N,106.02384374179874E,307
265,Mỹ Hào District-2413.jpeg,0.96594876,20.94197081095056N,106.043038909711E,211
46,Mỹ Hào District-2413.jpeg,0.96594876,20.94197081095056N,106.043038909711E,210
312,Binh Minh Town-2171.jpeg,0.9659147,10.043678540355744N,105.8624789813294E,540
36,Hiệp Hòa District-957.jpeg,0.96591294,21.260790675514695N,105.97315469012771E,170
129,Duy Tiên District-2072.jpeg,0.96589994,20.626783510850842N,105.91729818643888E,328
148,Bac Giang City-1204.jpeg,0.9658925,21.26722507637911N,106.16347291657819E,192
203,Go Cong Town-880.jpeg,0.9658797,10.365745138435459N,106.67037240985691E,858
158,Phu Ly City-2100.jpeg,0.965846,20.543762143487246N,105.88834933609054E,349
239,Binh Minh Town-3094.jpeg,0.96580315,10.065238008561687N,105.8104778570331E,23
49,Chau Doc City-4623.jpeg,0.96572924,10.713302076946729N,105.11796296619927E,465
187,Yên Mỹ District-1400.jpeg,0.9656636,20.877444475680402N,106.03493406856073E,251
236,Hiệp Hòa District-2751.jpeg,0.9656153,21.293129877824647N,105.97170813559445E,177
320,Hoa Lư District-1604.jpeg,0.96559674,20.223593642811572N,105.95214396304503E,422
51,Trà Vinh City-2471.jpeg,0.9655687,9.978260642636783N,106.36186274507514E,571
97,Trà Vinh City-2471.jpeg,0.9655687,9.978260642636783N,106.36186274507514E,572
145,Go Cong Town-680.jpeg,0.96556413,10.36035527138397N,106.6922926409317E,854
538,Trà Vinh City-1689.jpeg,0.96548736,9.958048641193713N,106.34544614638844E,721
348,Trà Vinh City-1689.jpeg,0.96548736,9.958048641193713N,106.34544614638844E,749
360,Trà Vinh City-1689.jpeg,0.96548736,9.958048641193713N,106.34544614638844E,740
331,Hiệp Hòa District-3346.jpeg,0.9654469,21.302562145165048N,105.99919267172614E,179
590,Long Hồ District-5809.jpeg,0.9654245,10.230795909758786N,105.95644075256588E,42
364,Sa Đéc City-760.jpeg,0.9654206,10.289625604888732N,105.76414617589354E,909
623,Tam Điệp-4547.jpeg,0.96539414,20.185721345099335N,105.88664917233955E,120
643,Long Xuyen City-3502.jpeg,0.96538293,10.385263075415558N,105.43721748773795E,937
648,Thanh Liêm District-2502.jpeg,0.96535826,20.434275744315112N,105.96209097927128E,370
132,Duy Tiên District-3076.jpeg,0.96535134,20.640258178479954N,105.99072823134907E,311
112,Vĩnh Long-1472.jpeg,0.96533424,10.25573473869149N,105.97471455560495E,668
141,Vĩnh Long-1472.jpeg,0.96533424,10.25573473869149N,105.97471455560495E,669
251,Hiệp Hòa District-1472.jpeg,0.96531135,21.271570409618008N,105.95000981759576E,173
199,Hiệp Hòa District-1472.jpeg,0.96531135,21.271570409618008N,105.95000981759576E,172
230,Yên Mỹ District-3777.jpeg,0.96529114,20.917868478567776N,106.05512656775774E,240
311,Yên Mỹ District-3777.jpeg,0.96529114,20.917868478567776N,106.05512656775774E,241
475,Tây Ninh City-148.jpeg,0.96521384,11.301661170503968N,106.10726040433187E,971
155,Tây Ninh City-148.jpeg,0.96521384,11.301661170503968N,106.10726040433187E,970
57,Thái Bình-265.jpeg,0.96520674,20.420383307336287N,106.32632120285044E,445
67,Thái Bình-265.jpeg,0.96520674,20.420383307336287N,106.32632120285044E,446
297,Cai Lậy Town-6653.jpeg,0.9651617,10.493563379758449N,106.09365879584598E,760
267,Cai Lậy Town-6653.jpeg,0.9651617,10.493563379758449N,106.09365879584598E,761
247,Cai Lậy Town-6653.jpeg,0.9651617,10.493563379758449N,106.09365879584598E,762
165,Hung Yen City-1239.jpeg,0.965143,20.638129741792287N,106.06048342399983E,297
119,Hung Yen City-1239.jpeg,0.965143,20.638129741792287N,106.06048342399983E,296
477,Yên Mỹ District-2416.jpeg,0.9651397,20.893614076835348N,106.04358799678803E,622
125,Go Cong Town-885.jpeg,0.96510935,10.365745138435459N,106.67722248206778E,853
650,Hiệp Hòa District-9780.jpeg,0.96498203,21.41979175353867N,105.96736847199472E,135
275,Hung Yen City-1541.jpeg,0.9649545,20.646214542369755N,106.06048342399983E,293
365,Phu Ly City-1695.jpeg,0.9649022,20.537024809672698N,105.90273913120375E,627
561,Binh Minh Town-2083.jpeg,0.9648879,10.04233107359287N,105.83510996854187E,30
273,Ninh Bình-1679.jpeg,0.9648807,20.257697076634713N,105.96727197678109E,861
181,Ninh Bình-1679.jpeg,0.9648807,20.257697076634713N,105.96727197678109E,875
185,Mỹ Hào District-270.jpeg,0.9648457,20.89346200748571N,106.09785823083833E,224
47,Mỹ Hào District-270.jpeg,0.9648457,20.89346200748571N,106.09785823083833E,223
191,Phu Ly City-1498.jpeg,0.964802,20.53298240938396N,105.98619994286032E,357
282,Phu Ly City-1498.jpeg,0.964802,20.53298240938396N,105.98619994286032E,358
103,Cai Lậy Town-3944.jpeg,0.96477693,10.435622308954926N,106.19093483942662E,779
349,Thái Bình-1326.jpeg,0.9647373,20.445985175831566N,106.35076939087223E,441
152,Ninh Bình-1992.jpeg,0.96461385,20.26847681073798N,105.94716528839054E,114
166,Ninh Bình-1992.jpeg,0.96461385,20.26847681073798N,105.94716528839054E,872
616,Go Cong Town-4663.jpeg,0.9646112,10.45737287831079N,106.63886207768692E,599
465,Mỹ Tho-1306.jpeg,0.9645716,10.352964871956782N,106.3437072078833E,583
96,Sa Đéc City-1156.jpeg,0.96455985,10.303100272517458N,105.743601672748E,525
352,Mỹ Hào District-1224.jpeg,0.96445924,20.919063875981042N,106.08487470741345E,230
555,Hung Yen City-2756.jpeg,0.9643722,20.685291078494178N,106.06192349897418E,273
182,Tây Ninh City-762.jpeg,0.9643539,11.31917823842134N,106.11550692071616E,615
530,Cao Lanh City-2427.jpeg,0.9643346,10.450011139321935N,105.59750349814857E,498
175,Vĩnh Long-235.jpeg,0.9643297,10.232827803722667N,105.94869725199236E,544
169,Thái Bình-832.jpeg,0.9642926,20.436552908491205N,106.3205686880218E,431
325,Ninh Bình-740.jpeg,0.9642758,20.23479014166526N,105.9600910166416E,418
497,Ninh Bình-740.jpeg,0.9642758,20.23479014166526N,105.9600910166416E,882
218,Bac Giang City-1923.jpeg,0.964213,21.280699744008253N,106.21552737887912E,202
630,Yên Mỹ District-1989.jpeg,0.96417713,20.886876743020792N,106.03637638993195E,245
594,Yên Mỹ District-1989.jpeg,0.96417713,20.886876743020792N,106.03637638993195E,244
393,Thanh Liêm District-1125.jpeg,0.9641725,20.410021342582734N,105.93332984179821E,374
197,Ninh Bình-407.jpeg,0.96416724,20.224010407561988N,105.97158055286475E,883
534,Long Hồ District-3201.jpeg,0.9641253,10.183634573058265N,106.00162584676704E,568
217,Mỹ Hào District-2231.jpeg,0.96412015,20.937928410661822N,106.14546448339627E,216
90,Ninh Bình-918.jpeg,0.964101,20.238832541953983N,105.9916872412553E,881
289,Mỹ Hào District-2787.jpeg,0.964101,20.947360678002212N,106.09064516226894E,213
532,Mỹ Hào District-2787.jpeg,0.964101,20.947360678002212N,106.09064516226894E,214
319,Duy Tiên District-3393.jpeg,0.96408904,20.644300578768686N,106.02096413219442E,308
388,Sa Đéc City-573.jpeg,0.9640644,10.282888271074373N,105.77647287778086E,912
518,Mỹ Hào District-2582.jpeg,0.9640324,20.94466574447639N,106.043038909711E,209
313,Long Hồ District-1144.jpeg,0.96401155,10.15938017132657N,105.92084037531647E,35
12,Cao Lanh City-1163.jpeg,0.96397567,10.428451671115972N,105.64135110989872E,515
355,Mỹ Hào District-2431.jpeg,0.96396816,20.94197081095056N,106.06900595656079E,235
441,Thanh Liêm District-1438.jpeg,0.9639388,20.416758676397286N,105.93476789867185E,373
487,Hoa Lư District-4286.jpeg,0.96388996,20.297704314771565N,105.94783524979243E,404
507,Hoa Lư District-4286.jpeg,0.96388996,20.297704314771565N,105.94783524979243E,406
208,Hoa Lư District-4286.jpeg,0.96388996,20.297704314771565N,105.94783524979243E,405
225,Sa Đéc City-1171.jpeg,0.9638666,10.303100272517458N,105.76414617589354E,528
642,Thanh Liêm District-7080.jpeg,0.96386534,20.501649082460613N,105.96640514989222E,364
288,Mỹ Hào District-2214.jpeg,0.9638513,20.937928410661822N,106.12094005026037E,215
339,Hiệp Hòa District-7111.jpeg,0.96381307,21.35511334891873N,105.9847271263937E,995
383,Hiệp Hòa District-7111.jpeg,0.96381307,21.35511334891873N,105.9847271263937E,123
307,Hiệp Hòa District-7111.jpeg,0.96381307,21.35511334891873N,105.9847271263937E,124
180,Duy Tiên District-1295.jpeg,0.96379757,20.61330884322173N,105.98352920733826E,339
120,Go Cong Town-760.jpeg,0.9637711,10.363050204909717N,106.65393223655084E,845
91,Tam Điệp-2618.jpeg,0.9637451,20.158772009841154N,105.9110512004899E,887
79,Cao Lanh City-3026.jpeg,0.9637251,10.462138340187787N,105.6276487312268E,510
138,Tam Điệp-2619.jpeg,0.96371025,20.158772009841154N,105.91248661391052E,898
595,Cao Lanh City-4185.jpeg,0.96370393,10.487740208682368N,105.58654159521102E,501
542,Cao Lanh City-4185.jpeg,0.96370393,10.487740208682368N,105.58654159521102E,502
535,Yên Mỹ District-2040.jpeg,0.96362,20.888224209783697N,105.98733746331062E,262
655,Yên Mỹ District-2040.jpeg,0.96362,20.888224209783697N,105.98733746331062E,623
87,Chau Doc City-4591.jpeg,0.9635779,10.711954610183856N,105.11659171016741E,468
427,Mỹ Tho-293.jpeg,0.96354175,10.332752870513698N,106.32863932528045E,788
536,Thái Bình-1392.jpeg,0.96353513,20.447332642594482N,106.3478931334579E,439
592,Thái Bình-1392.jpeg,0.96353513,20.447332642594482N,106.3478931334579E,440
321,Cao Lanh City-639.jpeg,0.9634247,10.420366870538738N,105.61805706615645E,496
279,Bac Giang City-1469.jpeg,0.9633831,21.272614943430767N,106.18950014772865E,208
270,Cao Lanh City-4719.jpeg,0.9633305,10.49851994278535N,105.56872850293752E,503
640,Yên Mỹ District-2039.jpeg,0.96332765,20.888224209783697N,105.98589514193942E,624
83,Thái Bình-304.jpeg,0.96331316,20.4217307740992N,106.34645500475075E,462
261,Thái Bình-1584.jpeg,0.9631949,20.451375042883214N,106.33782623250777E,101
318,Thanh Liêm District-7368.jpeg,0.9631614,20.507038949512257N,105.93045372805089E,398
353,Hiệp Hòa District-4005.jpeg,0.96313506,21.311994412505456N,106.01799788065833E,181
637,Long Xuyen City-3187.jpeg,0.96309847,10.379873208364065N,105.38105371992981E,491
194,Vĩnh Long-1227.jpeg,0.96305215,10.251692338402876N,105.98566920975762E,48
506,Duy Tiên District-3370.jpeg,0.962981,20.644300578768686N,105.98784862174475E,312
378,Hiệp Hòa District-6155.jpeg,0.9629408,21.34163868128958N,106.01365821705858E,183
366,Hiệp Hòa District-6155.jpeg,0.9629408,21.34163868128958N,106.01365821705858E,182
216,Mỹ Hào District-2246.jpeg,0.96289665,20.93927587742473N,106.04592413713877E,212
250,Thái Bình-1109.jpeg,0.9628734,20.441942775542838N,106.33207371767911E,436
396,Phu Ly City-1457.jpeg,0.9627647,20.53298240938396N,105.92720178289618E,113
299,Phu Ly City-1457.jpeg,0.9627647,20.53298240938396N,105.92720178289618E,112
254,Long Hồ District-1253.jpeg,0.96274966,10.16072763808944N,105.9235788658741E,652
72,Hung Yen City-2445.jpeg,0.9627467,20.675858811153795N,106.04752274923062E,277
164,Hung Yen City-2445.jpeg,0.9627467,20.675858811153795N,106.04752274923062E,276
379,Hoa Lư District-1483.jpeg,0.9627408,20.22089870928575N,105.95358020079591E,421
529,Thái Bình-2083.jpeg,0.9627123,20.462154776986495N,106.35364564828657E,450
562,Thái Bình-2083.jpeg,0.9627123,20.462154776986495N,106.35364564828657E,451
416,Long Xuyen City-2340.jpeg,0.962704,10.362356140446725N,105.4139300718175E,487
179,Ninh Bình-263.jpeg,0.96268976,20.217273073747442N,105.9945596253111E,878
395,Ninh Bình-962.jpeg,0.96268255,20.240180008716898N,105.97158055286475E,419
341,Ninh Bình-962.jpeg,0.96268255,20.240180008716898N,105.97158055286475E,874
447,Yên Mỹ District-2854.jpeg,0.96264327,20.901698877412827N,105.98012585645456E,264
89,Mỹ Hào District-654.jpeg,0.96264267,20.904241741589004N,106.12671050511588E,220
69,Mỹ Hào District-654.jpeg,0.96264267,20.904241741589004N,106.12671050511588E,219
151,Yên Mỹ District-4295.jpeg,0.9626237,20.932690612959814N,106.02628014033344E,237
499,Yên Mỹ District-4295.jpeg,0.9626237,20.932690612959814N,106.02628014033344E,236
281,Tây Ninh City-2146.jpeg,0.96261454,11.350169973967462N,106.0921417909607E,609
646,Phu Ly City-2275.jpeg,0.9625972,20.546457077013063N,105.91712892631695E,633
428,Phu Ly City-2275.jpeg,0.9625972,20.546457077013063N,105.91712892631695E,645
425,Hiệp Hòa District-6599.jpeg,0.96250033,21.348376015104158N,105.93988393586307E,148
461,Hiệp Hòa District-6599.jpeg,0.96250033,21.348376015104158N,105.93988393586307E,147
500,Thanh Liêm District-7294.jpeg,0.96248704,20.505691482749345N,105.92901567117725E,397
190,Tam Điệp-1462.jpeg,0.9624764,20.139907475160445N,105.93258240179902E,118
483,Mỹ Tho-3106.jpeg,0.962441,10.383956607502844N,106.35329586044872E,809
59,Tây Ninh City-2082.jpeg,0.9623606,11.348822507204586N,106.09489062975545E,608
27,Trà Vinh City-3085.jpeg,0.96234065,9.997125177316981N,106.31945319846783E,725
62,Trà Vinh City-3085.jpeg,0.96234065,9.997125177316981N,106.31945319846783E,50
304,Hiệp Hòa District-7397.jpeg,0.9623001,21.359155749207478N,105.99919267172614E,184
572,Bến Tre City-3006.jpeg,0.9622952,10.262364541280542N,106.35021575900566E,688
323,Thanh Liêm District-4150.jpeg,0.9622837,20.458530146047487N,105.8945023062096E,382
356,Thanh Liêm District-4150.jpeg,0.9622837,20.458530146047487N,105.8945023062096E,381
228,Bến Tre City-2506.jpeg,0.9622531,10.251584807177563N,106.40361709238987E,700
219,Tây Ninh City-37.jpeg,0.96223843,11.29627130345247N,106.11550692071616E,976
480,Mỹ Tho-1555.jpeg,0.9622256,10.3570072722454N,106.35603547546741E,582
614,Vĩnh Long-1127.jpeg,0.96205986,10.250344871640005N,105.9623905696832E,660
615,Hoa Lư District-3813.jpeg,0.962059,20.288272047431196N,105.95358020079591E,414
468,Hiệp Hòa District-518.jpeg,0.9619636,21.247316007885544N,105.94277704492954E,164
384,Long Xuyen City-1597.jpeg,0.96193844,10.344839072529387N,105.45776520766776E,14
644,Hiệp Hòa District-2154.jpeg,0.96189606,21.28235014372133N,106.00208578079261E,998
647,Hiệp Hòa District-2154.jpeg,0.96189606,21.28235014372133N,106.00208578079261E,996
20,Duy Tiên District-1679.jpeg,0.96186805,20.62004617703629N,106.0296029610074E,317
336,Sa Đéc City-1647.jpeg,0.96185726,10.320617340434799N,105.73401423794677E,524
620,Binh Minh Town-1084.jpeg,0.9618333,10.020771605386921N,105.83647841918126E,31
44,Bac Giang City-3025.jpeg,0.9618085,21.303606678977808N,106.17359461758114E,197
436,Duy Tiên District-1792.jpeg,0.9617946,20.622741110562114N,105.92161760084535E,329
568,Vĩnh Long-669.jpeg,0.9617713,10.242260071062768N,105.9801918826813E,674
485,Vĩnh Long-669.jpeg,0.9617713,10.242260071062768N,105.9801918826813E,675
589,Vĩnh Long-669.jpeg,0.9617713,10.242260071062768N,105.9801918826813E,673
53,Tam Điệp-3047.jpeg,0.9617689,20.16416187689279N,105.92827616153721E,888
541,Tam Điệp-3047.jpeg,0.9617689,20.16416187689279N,105.92827616153721E,117
389,Duy Tiên District-3127.jpeg,0.96176803,20.641605645242862N,105.92305740564751E,320
80,Bac Giang City-2567.jpeg,0.96176636,21.29282694487449N,106.19672993415932E,198
503,Hung Yen City-2414.jpeg,0.9616623,20.674511344390886N,106.06192349897418E,278
271,Tây Ninh City-6622.jpeg,0.9615794,11.431017979739966N,106.11413250131875E,611
264,Hung Yen City-2285.jpeg,0.9615411,20.670468944102158N,106.05616319907675E,282
491,Hiệp Hòa District-6470.jpeg,0.96143866,21.345681081578324N,106.02378409879131E,185
361,Thái Bình-3201.jpeg,0.96127087,20.49449397929634N,106.36371254923672E,457
569,Thái Bình-3201.jpeg,0.96127087,20.49449397929634N,106.36371254923672E,456
495,Hoa Lư District-3945.jpeg,0.961264,20.290966980957013N,105.93060039678204E,412
526,Hiệp Hòa District-3046.jpeg,0.9612379,21.2985197448763N,105.93265116319684E,156
204,Ninh Bình-574.jpeg,0.96118915,20.22940027461362N,105.99025104922738E,420
419,Cao Lanh City-3823.jpeg,0.9611836,10.479655408105131N,105.6454618235003E,947
238,Phu Ly City-3630.jpeg,0.9611715,20.573406412271282N,105.90993402876035E,347
294,Phu Ly City-3630.jpeg,0.9611715,20.573406412271282N,105.90993402876035E,346
564,Mỹ Tho-1642.jpeg,0.9611228,10.35835473900827N,106.36562412803286E,820
387,Sa Đéc City-1350.jpeg,0.96110773,10.309837606331815N,105.74497130629105E,900
382,Sa Đéc City-1350.jpeg,0.96110773,10.309837606331815N,105.74497130629105E,901
344,Sa Đéc City-1350.jpeg,0.96110773,10.309837606331815N,105.74497130629105E,902
55,Cai Lậy Town-2740.jpeg,0.9610851,10.41271537398609N,106.12380066850477E,82
136,Thanh Liêm District-5200.jpeg,0.9610646,20.473352280439503N,105.92326344368263E,394
248,Hiệp Hòa District-2506.jpeg,0.96106225,21.289087477535897N,105.94567015399605E,154
408,Thái Bình-1384.jpeg,0.9610255,20.447332642594482N,106.33638810380059E,102
653,Hiệp Hòa District-2826.jpeg,0.960993,21.29447734458756N,105.963028808395E,178
609,Hiệp Hòa District-2757.jpeg,0.9609657,21.293129877824647N,105.98038746279394E,176
458,Hiệp Hòa District-9563.jpeg,0.9609035,21.40766455267243N,105.97315469012771E,137
429,Hiệp Hòa District-9563.jpeg,0.9609035,21.40766455267243N,105.97315469012771E,136
211,Hung Yen City-2289.jpeg,0.9608552,20.670468944102158N,106.06192349897418E,280
399,Cao Lanh City-3734.jpeg,0.9607983,10.478307941342258N,105.61531659042207E,507
409,Trà Vinh City-354.jpeg,0.9606038,9.904149970678857N,106.34407809649787E,751
586,Trà Vinh City-354.jpeg,0.9606038,9.904149970678857N,106.34407809649787E,731
167,Binh Minh Town-357.jpeg,0.96057653,10.001907070706721N,105.87753193836254E,536
256,Cao Lanh City-4024.jpeg,0.96052676,10.483697808393746N,105.64272134776591E,19
343,Sa Đéc City-1682.jpeg,0.96049523,10.321964807197668N,105.72990533731766E,523
93,Chau Doc City-4642.jpeg,0.9603922,10.714649543709605N,105.10425040588055E,5
604,Phu Ly City-1715.jpeg,0.96029633,20.537024809672698N,105.93151872143017E,641
514,Hiệp Hòa District-4940.jpeg,0.960278,21.32681654689752N,105.90805973613166E,161
398,Hiệp Hòa District-4940.jpeg,0.960278,21.32681654689752N,105.90805973613166E,160
207,Go Cong Town-775.jpeg,0.96014583,10.363050204909717N,106.67448245318344E,849
391,Bac Giang City-741.jpeg,0.9601453,21.25509787551288N,106.1764865321534E,189
285,Bac Giang City-741.jpeg,0.9601453,21.25509787551288N,106.1764865321534E,188
19,Chau Doc City-2406.jpeg,0.9601152,10.67287807406053N,105.13716055064552E,476
324,Go Cong Town-461.jpeg,0.9600942,10.354965404332479N,106.66489235208823E,848
579,Thanh Liêm District-4932.jpeg,0.960074,20.46930988015077N,105.94195818304013E,401
371,Thanh Liêm District-5569.jpeg,0.96007156,20.478742147491147N,105.8973784199569E,383
351,Sa Đéc City-1007.jpeg,0.96006453,10.297710405465965N,105.76414617589354E,903
346,Sa Đéc City-1007.jpeg,0.96006453,10.297710405465965N,105.76414617589354E,915
442,Vĩnh Long-1217.jpeg,0.9598881,10.251692338402876N,105.97197589206677E,44
466,Vĩnh Long-1217.jpeg,0.9598881,10.251692338402876N,105.97197589206677E,47
627,Vĩnh Long-1217.jpeg,0.9598881,10.251692338402876N,105.97197589206677E,667
488,Vĩnh Long-1217.jpeg,0.9598881,10.251692338402876N,105.97197589206677E,45
573,Thái Bình-2515.jpeg,0.9598266,20.472934511089775N,106.3565219057009E,452
421,Thanh Liêm District-1432.jpeg,0.9597497,20.416758676397286N,105.92613955742995E,389
424,Hung Yen City-1637.jpeg,0.9597112,20.64890947589557N,106.05616319907675E,292
337,Hung Yen City-1637.jpeg,0.9597112,20.64890947589557N,106.05616319907675E,291
418,Hiệp Hòa District-2284.jpeg,0.9596911,21.28504507724716N,105.95579603572877E,153
274,Thanh Liêm District-5661.jpeg,0.95968056,20.48008961425405N,105.89162619246228E,385
284,Ninh Bình-873.jpeg,0.9596791,20.23748507519107N,106.00461296950637E,122
231,Hung Yen City-2911.jpeg,0.9595349,20.69068094554582N,106.03456207446143E,270
611,Sa Đéc City-754.jpeg,0.9594716,10.289625604888732N,105.75592837463535E,22
537,Ninh Bình-1432.jpeg,0.9594586,20.250959742820164N,105.96727197678109E,865
656,Long Hồ District-1166.jpeg,0.95938396,10.15938017132657N,105.95096377145056E,655
386,Cao Lanh City-426.jpeg,0.959377,10.41632447025012N,105.66875586724257E,518
98,Chau Doc City-3157.jpeg,0.9593234,10.68500527492639N,105.07408277317931E,4
481,Hiệp Hòa District-5376.jpeg,0.95918554,21.332206413949176N,105.95868914479527E,149
605,Ninh Bình-1327.jpeg,0.95912784,20.248264809294348N,105.98450628111584E,121
71,Bến Tre City-2698.jpeg,0.9589714,10.255627207466182N,106.37349326330134E,706
635,Bến Tre City-2698.jpeg,0.9589714,10.255627207466182N,106.37349326330134E,705
235,Trà Vinh City-902.jpeg,0.9589664,9.923014505359054N,106.33586979715453E,720
580,Long Hồ District-955.jpeg,0.9589344,10.156685237800826N,105.94548679033528E,36
357,Mỹ Tho-2012.jpeg,0.9589315,10.365092072822634N,106.32589971026177E,804
362,Hiệp Hòa District-6487.jpeg,0.95891166,21.347028548341235N,105.91239939973141E,144
322,Thanh Liêm District-1350.jpeg,0.95887077,20.415411209634375N,105.90456870432516E,380
539,Long Hồ District-1893.jpeg,0.9587766,10.168812438666674N,105.89756320557647E,33
327,Long Hồ District-1893.jpeg,0.9587766,10.168812438666674N,105.89756320557647E,648
527,Chau Doc City-2540.jpeg,0.95858073,10.675573007586276N,105.08368156540244E,956
375,Chau Doc City-2540.jpeg,0.95858073,10.675573007586276N,105.08368156540244E,3
504,Hiệp Hòa District-8140.jpeg,0.9584319,21.37263041683663N,105.94856326306252E,141
472,Hiệp Hòa District-8140.jpeg,0.9584319,21.37263041683663N,105.94856326306252E,140
426,Hiệp Hòa District-5977.jpeg,0.95831394,21.340291214526662N,105.90950629066491E,145
37,Bến Tre City-552.jpeg,0.9582888,10.212508271054272N,106.39403223767988E,710
405,Bến Tre City-552.jpeg,0.9582888,10.212508271054272N,106.39403223767988E,709
622,Yên Mỹ District-1112.jpeg,0.95828855,20.87205460862875N,106.0623381746138E,258
502,Vĩnh Long-1692.jpeg,0.95823526,10.259777138980109N,105.92131061661068E,651
602,Hung Yen City-1536.jpeg,0.9581444,20.646214542369755N,106.05328304912804E,290
634,Hung Yen City-1536.jpeg,0.9581444,20.646214542369755N,106.05328304912804E,289
376,Phu Ly City-954.jpeg,0.9579351,20.524897608806498N,105.92432382387355E,636
558,Thái Bình-704.jpeg,0.95780176,20.433857974965385N,106.32632120285044E,433
222,Mỹ Tho-3692.jpeg,0.9577202,10.394736341605826N,106.32589971026177E,590
308,Tây Ninh City-5889.jpeg,0.9575667,11.41350091182259N,106.13474879227947E,612
462,Long Hồ District-699.jpeg,0.9575548,10.15264283751221N,106.02353377122823E,566
549,Long Hồ District-699.jpeg,0.9575548,10.15264283751221N,106.02353377122823E,565
440,Duy Tiên District-4422.jpeg,0.9573945,20.65912271316071N,105.98640881694259E,313
584,Vĩnh Long-1113.jpeg,0.95728326,10.250344871640005N,105.94321992491601E,686
452,Thanh Liêm District-6086.jpeg,0.9572505,20.48547948130569N,105.96640514989222E,366
449,Thanh Liêm District-6086.jpeg,0.9572505,20.48547948130569N,105.96640514989222E,367
531,Yên Mỹ District-2983.jpeg,0.95704746,20.903046344175742N,106.0522419250153E,242
229,Mỹ Tho-3072.jpeg,0.95702636,10.383956607502844N,106.30672240513088E,826
498,Sa Đéc City-2207.jpeg,0.9569814,10.343524275403626N,105.73812313857589E,521
394,Hung Yen City-2247.jpeg,0.95697266,20.66912147733924N,106.06048342399983E,281
257,Vĩnh Long-1208.jpeg,0.9567292,10.251692338402876N,105.95965190614504E,662
414,Mỹ Tho-976.jpeg,0.9567056,10.347575004905293N,106.3272695177711E,584
209,Hiệp Hòa District-6103.jpeg,0.95666885,21.34163868128958N,105.93843738132982E,146
444,Thanh Liêm District-1561.jpeg,0.95655036,20.419453609923103N,105.91319704556706E,376
515,Hiệp Hòa District-6632.jpeg,0.95648915,21.348376015104158N,105.98762023546016E,125
490,Hiệp Hòa District-1157.jpeg,0.95640683,21.266180542566353N,105.9283114995971E,163
333,Long Hồ District-6493.jpeg,0.95625657,10.253702844727611N,106.00984131843998E,555
432,Phu Ly City-953.jpeg,0.9562552,20.524897608806498N,105.92288484436223E,639
473,Phu Ly City-2681.jpeg,0.9561605,20.553194410827622N,105.96605422970185E,353
445,Yên Mỹ District-1159.jpeg,0.956103,20.873402075391663N,106.02916478307587E,249
370,Yên Mỹ District-1159.jpeg,0.956103,20.873402075391663N,106.02916478307587E,250
381,Mỹ Hào District-1198.jpeg,0.9560842,20.91771640921813N,106.136808801113E,218
115,Tam Điệp-2520.jpeg,0.9560729,20.15742454307825N,105.90961578706928E,890
160,Mỹ Tho-2619.jpeg,0.9559917,10.37587180692561N,106.30672240513088E,65
315,Hung Yen City-1749.jpeg,0.9559613,20.651604409421388N,106.07776432369208E,305
581,Hiệp Hòa District-4949.jpeg,0.9558626,21.32681654689752N,105.92107872693087E,158
401,Phu Ly City-2657.jpeg,0.9558187,20.553194410827622N,105.93151872143017E,640
278,Duy Tiên District-3529.jpeg,0.9557891,20.64699551229451N,105.93457584406481E,319
621,Long Hồ District-8827.jpeg,0.9555798,10.30221164819101N,106.01257980899764E,552
510,Chau Doc City-4358.jpeg,0.95551145,10.705217276369488N,105.12207673429492E,961
454,Cai Lậy Town-2464.jpeg,0.95549154,10.407325506934603N,106.12654083874648E,767
467,Hung Yen City-946.jpeg,0.9553727,20.631392407977735N,106.09648529835867E,302
262,Bac Giang City-2247.jpeg,0.95532614,21.286089611059918N,106.24010865274344E,187
654,Bac Giang City-2247.jpeg,0.95532614,21.286089611059918N,106.24010865274344E,186
631,Trà Vinh City-410.jpeg,0.9551054,9.906844904204599N,106.31534904879615E,742
543,Cao Lanh City-2914.jpeg,0.9549743,10.459443406662043N,105.63861063416432E,946
448,Cao Lanh City-2914.jpeg,0.9549743,10.459443406662043N,105.63861063416432E,948
305,Go Cong Town-4049.jpeg,0.95493865,10.4371608768677N,106.65941229431952E,847
196,Cai Lậy Town-5566.jpeg,0.95481145,10.465266577738122N,106.15531262628441E,770
493,Cai Lậy Town-5566.jpeg,0.95481145,10.465266577738122N,106.15531262628441E,771
566,Thanh Liêm District-283.jpeg,0.9547727,20.38172454056163N,105.92182538680898E,378
404,Ninh Bình-1930.jpeg,0.9547499,20.265781877212163N,105.96583578475317E,876
206,Trà Vinh City-1865.jpeg,0.95463896,9.963438508245199N,106.33860589693563E,736
501,Long Xuyen City-2875.jpeg,0.95461816,10.373135874549702N,105.41529991981282E,489
617,Long Xuyen City-2875.jpeg,0.95461816,10.373135874549702N,105.41529991981282E,488
170,Binh Minh Town-1913.jpeg,0.954492,10.038288673304255N,105.87616348772315E,539
470,Hiệp Hòa District-3145.jpeg,0.9544724,21.299867211639217N,105.96013569932849E,993
453,Phu Ly City-160.jpeg,0.9544405,20.50333814059993N,105.8984221926698E,387
397,Mỹ Hào District-1601.jpeg,0.9542417,20.92714867655852N,106.08487470741345E,228
102,Go Cong Town-3868.jpeg,0.9542056,10.434465943341957N,106.62790196214955E,841
153,Go Cong Town-3868.jpeg,0.9542056,10.434465943341957N,106.62790196214955E,843
310,Tây Ninh City-1597.jpeg,0.95389915,11.338042773101586N,106.12787669529254E,616
94,Tây Ninh City-1597.jpeg,0.95389915,11.338042773101586N,106.12787669529254E,975
587,Cao Lanh City-881.jpeg,0.95377016,10.424409270827352N,105.60298444961734E,495
390,Phu Ly City-192.jpeg,0.9536096,20.50468560736285N,105.90993402876035E,395
78,Thanh Liêm District-1031.jpeg,0.953483,20.408673875819822N,105.88299785122035E,388
287,Phu Ly City-2784.jpeg,0.953457,20.55588934435344N,105.90130015169242E,109
372,Phu Ly City-2784.jpeg,0.953457,20.55588934435344N,105.90130015169242E,628
517,Yên Mỹ District-1796.jpeg,0.9534399,20.884181809494965N,106.00320299839402E,261
524,Long Hồ District-8030.jpeg,0.95327735,10.287389513799416N,105.99204112981529E,549
213,Ninh Bình-1436.jpeg,0.9531025,20.250959742820164N,105.97301674489265E,862
618,Cao Lanh City-2235.jpeg,0.95302963,10.445968739033315N,105.63038920696117E,944
612,Phu Ly City-1211.jpeg,0.95302945,20.528940009095233N,105.93871361898677E,643
403,Phu Ly City-1211.jpeg,0.95302945,20.528940009095233N,105.93871361898677E,354
557,Hoa Lư District-462.jpeg,0.95273286,20.197991774316304N,105.97081505380628E,424
259,Hoa Lư District-583.jpeg,0.9527057,20.20068670784212N,105.97081505380628E,423
456,Hiệp Hòa District-5434.jpeg,0.9525089,21.333553880712092N,105.89214763626595E,159
443,Thái Bình-1947.jpeg,0.95246136,20.459459843460674N,106.32632120285044E,448
484,Thái Bình-1947.jpeg,0.95246136,20.459459843460674N,106.32632120285044E,447
338,Thanh Liêm District-6909.jpeg,0.9522839,20.498954148934796N,105.95346263802935E,365
224,Duy Tiên District-5763.jpeg,0.9519203,20.686072048418932N,106.0152049129858E,306
471,Long Hồ District-4933.jpeg,0.9518953,10.21327884184145N,105.95096377145056E,657
0,Tây Ninh City-1474.jpeg,0.9516393,11.335347839575835N,106.12237901770304E,978
446,Binh Minh Town-3407.jpeg,0.9514576,10.073322809138919N,105.83237306726313E,534
624,Long Hồ District-5209.jpeg,0.9514343,10.218668708892936N,105.96739471479646E,664
546,Tam Điệp-904.jpeg,0.9511587,20.12912774105718N,105.95124277626695E,899
268,Hung Yen City-3267.jpeg,0.9505035,20.70280814641202N,106.03024184953837E,269
645,Hung Yen City-3267.jpeg,0.9505035,20.70280814641202N,106.03024184953837E,268
122,Vĩnh Long-321.jpeg,0.95026976,10.23417527048554N,105.98977720506487E,678
280,Vĩnh Long-545.jpeg,0.950104,10.239565137537028N,105.98977720506487E,49
298,Duy Tiên District-2284.jpeg,0.95007175,20.629478444376662N,105.94609428248208E,337
243,Mỹ Tho-2466.jpeg,0.94965476,10.373176873399867N,106.3053525976215E,800
512,Tây Ninh City-557.jpeg,0.94957423,11.313788371369842N,106.10588598493449E,968
172,Go Cong Town-4043.jpeg,0.94956636,10.4371608768677N,106.65119220766648E,53
407,Phu Ly City-2570.jpeg,0.94910043,20.55184694406471N,105.9142509672943E,348
377,Hiệp Hòa District-5172.jpeg,0.94892025,21.329511480423346N,105.95868914479527E,150
639,Duy Tiên District-3711.jpeg,0.94878346,20.649690445820323N,105.91441857683456E,322
415,Ninh Bình-1542.jpeg,0.94858795,20.253654676345977N,105.97876151300423E,879
107,Binh Minh Town-3091.jpeg,0.9485822,10.065238008561687N,105.806372505115E,687
628,Trà Vinh City-1048.jpeg,0.9484425,9.92975183917341N,106.33176564748287E,748
583,Phu Ly City-1698.jpeg,0.9480125,20.537024809672698N,105.9070560697377E,629
334,Hung Yen City-1063.jpeg,0.9475125,20.634087341503548N,106.07776432369208E,300
544,Bac Giang City-2218.jpeg,0.9471169,21.286089611059918N,106.19817589144547E,999
570,Cai Lậy Town-2467.jpeg,0.9469867,10.407325506934603N,106.13065109410903E,87
434,Mỹ Tho-2291.jpeg,0.9465019,10.369134473111249N,106.3834316256544E,835
35,Cao Lanh City-3737.jpeg,0.94608206,10.478307941342258N,105.61942730402363E,508
31,Chau Doc City-2905.jpeg,0.9458582,10.680962874637771N,105.09465161365743E,464
286,Thanh Liêm District-7605.jpeg,0.9454763,20.51108134980099N,105.98078571862875E,362
406,Thanh Liêm District-7605.jpeg,0.9454763,20.51108134980099N,105.98078571862875E,363
619,Hiệp Hòa District-32.jpeg,0.9454694,21.22710400644183N,105.97315469012771E,167
258,Bac Giang City-1985.jpeg,0.9453001,21.28204721077117N,106.19094610501479E,103
486,Bac Giang City-1985.jpeg,0.9453001,21.28204721077117N,106.19094610501479E,1000
508,Chau Doc City-2274.jpeg,0.9442386,10.671530607297658N,105.07271151714745E,0
373,Yên Mỹ District-2420.jpeg,0.9436561,20.893614076835348N,106.04935728227288E,243
556,Trà Vinh City-651.jpeg,0.9432025,9.914929704781827N,106.31261294901502E,744
455,Trà Vinh City-651.jpeg,0.9432025,9.914929704781827N,106.31261294901502E,739
657,Trà Vinh City-651.jpeg,0.9432025,9.914929704781827N,106.31261294901502E,729
610,Phu Ly City-716.jpeg,0.9430193,20.52085520851777N,105.92000688533959E,638
272,Thanh Liêm District-5103.jpeg,0.9422987,20.47200481367659N,105.91751121618802E,393
598,Vĩnh Long-1703.jpeg,0.9414796,10.259777138980109N,105.9363732660706E,545
596,Hiệp Hòa District-8743.jpeg,0.9414334,21.38610508446578N,105.97460124466096E,130
56,Cai Lậy Town-2684.jpeg,0.94117606,10.41136790722322N,106.13887160483415E,86
400,Hiệp Hòa District-7468.jpeg,0.9406394,21.360503215970393N,105.97315469012771E,128
608,Long Xuyen City-2899.jpeg,0.9404691,10.373135874549702N,105.44817627170052E,928
162,Long Xuyen City-2899.jpeg,0.9404691,10.373135874549702N,105.44817627170052E,12
560,Trà Vinh City-1227.jpeg,0.9401905,9.93918410651351N,106.3399739468262E,747
295,Long Hồ District-7741.jpeg,0.93939894,10.281999646747927N,106.01668754483411E,685
606,Tây Ninh City-3985.jpeg,0.9392664,11.381161709513586N,106.08114643578166E,610
189,Mỹ Hào District-2012.jpeg,0.9389013,20.935233477136N,106.06467811541916E,234
131,Long Hồ District-4245.jpeg,0.9385582,10.19980417421273N,105.92905584698941E,40
178,Thanh Liêm District-1968.jpeg,0.93811053,20.42619094373765N,105.94052012616646E,371
450,Hiệp Hòa District-6817.jpeg,0.93769014,21.351070948629985N,105.97894090826068E,126
437,Phu Ly City-217.jpeg,0.9364992,20.50603307412576N,105.90993402876035E,396
519,Cai Lậy Town-1086.jpeg,0.93504006,10.383071105202898N,106.16079296676783E,774
553,Phu Ly City-1878.jpeg,0.93476933,20.539719743198518N,105.91856790582828E,632
559,Phu Ly City-1878.jpeg,0.93476933,20.539719743198518N,105.91856790582828E,630
550,Phu Ly City-1878.jpeg,0.93476933,20.539719743198518N,105.91856790582828E,646
95,Cao Lanh City-2718.jpeg,0.9345707,10.455401006373423N,105.6276487312268E,942
249,Hung Yen City-483.jpeg,0.934246,20.621960140637352N,106.07920439866642E,298
438,Thái Bình-2894.jpeg,0.9338509,20.483714245193053N,106.34933126216508E,453
212,Long Xuyen City-1953.jpeg,0.93317825,10.352923873106617N,105.45913505566308E,13
578,Mỹ Tho-2770.jpeg,0.93306875,10.378566740451355N,106.30809221264022E,66
266,Sa Đéc City-1546.jpeg,0.932878,10.316574940146179N,105.74908020692015E,522
113,Thái Bình-2933.jpeg,0.9319433,20.48506171195596N,106.34645500475075E,454
210,Hiệp Hòa District-909.jpeg,0.9317889,21.25944320875178N,105.97749435372745E,169
540,Thanh Liêm District-5223.jpeg,0.9309507,20.473352280439503N,105.95633875177664E,399
300,Cai Lậy Town-2896.jpeg,0.9308751,10.415410307511838N,106.15668271140525E,773
345,Thanh Liêm District-7118.jpeg,0.9304494,20.50299654922353N,105.8945023062096E,386
137,Go Cong Town-4120.jpeg,0.9298682,10.438508343630575N,106.65667226543519E,600
133,Long Xuyen City-3692.jpeg,0.9285994,10.389305475704173N,105.43721748773795E,481
420,Thanh Liêm District-1798.jpeg,0.9277872,20.423496010211835N,105.93476789867185E,372
232,Bến Tre City-1248.jpeg,0.92434233,10.230025338971611N,106.37212399834277E,692
412,Go Cong Town-776.jpeg,0.92124003,10.363050204909717N,106.6758524676256E,850
369,Thanh Liêm District-5567.jpeg,0.921053,20.478742147491147N,105.8945023062096E,384
342,Hoa Lư District-386.jpeg,0.920781,20.19664430755339N,105.94639901204157E,425
1,Go Cong Town-298.jpeg,0.91900945,10.34957553728099N,106.66489235208823E,857
402,Trà Vinh City-1200.jpeg,0.9172804,9.937836639750643N,106.3372378470451E,745
603,Bến Tre City-2890.jpeg,0.9171809,10.259669607754798N,106.3584313487571E,716
335,Mỹ Tho-284.jpeg,0.9167088,10.332752870513698N,106.31631105769631E,787
309,Mỹ Tho-284.jpeg,0.9167088,10.332752870513698N,106.31631105769631E,62
629,Thái Bình-657.jpeg,0.9120012,20.432510508202476N,106.34501687604359E,444
171,Long Xuyen City-3161.jpeg,0.91085535,10.378525741601193N,105.43995718372858E,9
4,Binh Minh Town-3001.jpeg,0.9100421,10.062543075035945N,105.82142546214814E,535
521,Thanh Liêm District-4205.jpeg,0.90511864,20.458530146047487N,105.97359543426047E,369
139,Chau Doc City-4935.jpeg,0.90393525,10.744293812492817N,105.09876538175307E,958
263,Bac Giang City-1406.jpeg,0.9032268,21.271267476667852N,106.19239206230093E,207
174,Bac Giang City-1406.jpeg,0.9032268,21.271267476667852N,106.19239206230093E,206
176,Go Cong Town-1819.jpeg,0.8992027,10.391347006930033N,106.64160210657127E,604
551,Hiệp Hòa District-7684.jpeg,0.89814234,21.36454561625914N,105.92397183599735E,143
16,Chau Doc City-2942.jpeg,0.8969693,10.680962874637771N,105.14538808683676E,475
496,Hiệp Hòa District-1567.jpeg,0.8954679,21.27291787638092N,105.97460124466096E,174
330,Cai Lậy Town-3742.jpeg,0.89497185,10.432927375429182N,106.11421007265879E,763
585,Tây Ninh City-229.jpeg,0.89024,11.304356104029715N,106.11000924312664E,974
358,Bến Tre City-444.jpeg,0.8865725,10.20981333752853N,106.3707547333842E,691
367,Bến Tre City-444.jpeg,0.8865725,10.20981333752853N,106.3707547333842E,711
255,Hoa Lư District-3947.jpeg,0.8828632,20.290966980957013N,105.93347287228377E,413
520,Trà Vinh City-1506.jpeg,0.88277906,9.952658774142225N,106.31945319846783E,573
525,Chau Doc City-4303.jpeg,0.88032806,10.703869809606616N,105.13853180667739E,473
246,Chau Doc City-2972.jpeg,0.8764111,10.682310341400646N,105.06311272492432E,954
23,Long Hồ District-3069.jpeg,0.87418586,10.182287106295396N,105.97150245063293E,541
469,Tây Ninh City-6176.jpeg,0.86656016,11.420238245636966N,106.1182557595109E,973
545,Long Hồ District-4439.jpeg,0.8665495,10.202499107738472N,106.00299509204586E,683
385,Mỹ Tho-1329.jpeg,0.8357485,10.352964871956782N,106.37521278059832E,580
513,Vĩnh Long-778.jpeg,0.83552855,10.244955004588515N,105.91857195307253E,650
326,Sa Đéc City-2091.jpeg,0.82911634,10.338134408352138N,105.743601672748E,917
58,Long Xuyen City-5071.jpeg,0.8185609,10.424339611538858N,105.40434113585025E,479
423,Tây Ninh City-231.jpeg,0.80991304,11.304356104029715N,106.1127580819214E,94
533,Long Hồ District-1424.jpeg,0.8096401,10.162075104852311N,106.01394905427645E,567
316,Vĩnh Long-1992.jpeg,0.798863,10.265167006031596N,105.89803197653627E,647
198,Cai Lậy Town-912.jpeg,0.78405035,10.380376171677153N,106.12791092386732E,80
227,Go Cong Town-2156.jpeg,0.7645271,10.399431807507273N,106.68133252539432E,55
205,Tây Ninh City-5473.jpeg,0.74885994,11.405416111245337N,106.11688134011352E,98
582,Ninh Bình-1896.jpeg,0.7385758,20.264434410449255N,105.97301674489265E,871
588,Duy Tiên District-3126.jpeg,0.7245266,20.641605645242862N,105.92161760084535E,321
651,Hung Yen City-1537.jpeg,0.661148,20.646214542369755N,106.0547231241024E,294
431,Tây Ninh City-5915.jpeg,0.6162064,11.41350091182259N,106.17048369661131E,984
478,Cai Lậy Town-5188.jpeg,0.6076435,10.458529243923762N,106.12380066850477E,766
202,Chau Doc City-4148.jpeg,0.60600984,10.70117487608087N,105.11659171016741E,959
303,Chau Doc City-4148.jpeg,0.60600984,10.70117487608087N,105.11659171016741E,470
340,Ninh Bình-1487.jpeg,0.5798533,20.252307209583073N,105.96439959272529E,867
332,Cai Lậy Town-4893.jpeg,0.5573404,10.45313937687227N,106.11558015777963E,764
638,Long Xuyen City-3629.jpeg,0.50380886,10.387958008941302N,105.43447779174731E,924
601,Bac Giang City-1751.jpeg,0.494714,21.278004810482425N,106.19672993415932E,106
269,Hiệp Hòa District-7469.jpeg,0.49053556,21.360503215970393N,105.97460124466096E,127
575,Vĩnh Long-2079.jpeg,0.46512648,10.266514472794471N,105.92952660722518E,653
110,Duy Tiên District-1806.jpeg,0.44843182,20.622741110562114N,105.9417748680756E,336
607,Bac Giang City-1412.jpeg,0.4337133,21.271267476667852N,106.20106780601773E,1002
577,Ninh Bình-1641.jpeg,0.42957518,20.256349609871805N,105.98019770503213E,884
13,Chau Doc City-3875.jpeg,0.4228962,10.695785009029374N,105.1467593428686E,8
636,Mỹ Tho-1084.jpeg,0.41782606,10.348922471668164N,106.36973355056092E,827
574,Trà Vinh City-2461.jpeg,0.37895548,9.978260642636783N,106.34818224616954E,724
505,Sa Đéc City-566.jpeg,0.30294144,10.282888271074373N,105.76688544297963E,911
430,Cai Lậy Town-1251.jpeg,0.28046027,10.385766038728644N,106.1676433923721E,772
214,Vĩnh Long-1061.jpeg,0.26635265,10.24899740487713N,105.98293054621945E,676
410,Vĩnh Long-1061.jpeg,0.26635265,10.24899740487713N,105.98293054621945E,677
143,Cao Lanh City-933.jpeg,0.226812,10.424409270827352N,105.67423681871132E,519
460,Long Hồ District-5543.jpeg,0.13564286,10.225406042707299N,105.98382565814235E,559
168,Cao Lanh City-2661.jpeg,0.13540606,10.454053539610552N,105.63587015842995E,945
156,Mỹ Hào District-1287.jpeg,0.08962855,20.92041134274396N,106.08631732112731E,229
516,Thái Bình-969.jpeg,0.07694365,20.439247842017025N,106.32488307414329E,437
290,Trà Vinh City-1003.jpeg,0.07135683,9.92705690564767N,106.34134199671676E,756
114,Tây Ninh City-1710.jpeg,0.068784006,11.340737706627339N,106.11688134011352E,97
591,Mỹ Tho-1491.jpeg,0.0637548,10.355659805482526N,106.377952395617E,824
599,Sa Đéc City-1359.jpeg,0.06269314,10.309837606331815N,105.75729800817837E,905
223,Ninh Bình-1588.jpeg,0.06199732,20.25500214310889N,105.97588912894845E,116
392,Long Xuyen City-3362.jpeg,0.059257735,10.38256814188981N,105.43173809575666E,482
359,Cao Lanh City-3373.jpeg,0.05419777,10.470223140765023N,105.62216777975802E,941
463,Hung Yen City-1730.jpeg,0.052434348,20.651604409421388N,106.05040289917935E,286
548,Mỹ Tho-1175.jpeg,0.052354824,10.350269938431039N,106.38480143316373E,825
567,Vĩnh Long-529.jpeg,0.049335934,10.239565137537028N,105.96786789675951E,665
306,Vĩnh Long-1645.jpeg,0.049190145,10.258429672217234N,105.97608388737403E,672
233,Vĩnh Long-298.jpeg,0.047221962,10.23417527048554N,105.95828257437594E,43
127,Tây Ninh City-375.jpeg,0.046108883,11.308398504318339N,106.11688134011352E,977
380,Trà Vinh City-1127.jpeg,0.045050193,9.933794239462024N,106.3372378470451E,735
479,Thanh Liêm District-5125.jpeg,0.044366684,20.47200481367659N,105.94914846740839E,400
522,Yên Mỹ District-1495.jpeg,0.044329345,20.878791942443318N,106.05512656775774E,260
