,image,pred,lon,lat
0,978.jpeg,0.97370195,11813511.32974132,1270237.3009131537
1,857.jpeg,0.9723724,11873820.27384781,1158487.7754624228
2,891.jpeg,0.97233766,11788452.293311251,2291356.616249951
3,897.jpeg,0.97193235,11791298.999900224,2290375.948458544
4,535.jpeg,0.97154003,11780040.110141857,1125923.8732906885
5,316.jpeg,0.97091013,11800839.261743344,2347514.589055621
6,892.jpeg,0.97070676,11786229.988517422,2289957.3620507694
7,402.jpeg,0.97067577,11793086.906717718,2309970.247337837
8,960.jpeg,0.9703095,11702042.837699505,1193034.8179803672
9,920.jpeg,0.9701905,11734991.184206776,1163227.6999844704
10,889.jpeg,0.96968645,11786228.855121816,2289958.1855446924
11,472.jpeg,0.969529,11702723.849269545,1197426.3451005635
12,515.jpeg,0.96938413,11759981.44912442,1167438.7721003152
13,8.jpeg,0.96929204,11705008.533707503,1197721.1866906
14,340.jpeg,0.9692714,11797499.864858704,2342862.3527054708
15,703.jpeg,0.969262,11840640.689455634,1143895.1349782862
16,475.jpeg,0.9691486,11704809.988327015,1195884.3613485538
17,10.jpeg,0.96877366,11738343.022305757,1160081.5875469258
18,859.jpeg,0.96870965,11841955.180673271,2329056.281391333
19,476.jpeg,0.96841854,11703894.627784535,1194931.3602879029
20,317.jpeg,0.9680705,11803101.801783118,2346686.5151867066
21,247.jpeg,0.9680607,11802172.491745489,2378944.87591458
22,403.jpeg,0.9679593,11793289.642967,2309822.144726488
23,541.jpeg,0.9679464,11796643.168046232,1139527.934368928
24,303.jpeg,0.9674704,11809647.823610565,2348990.074669364
25,499.jpeg,0.96728814,11753924.42740584,1171363.982779958
26,886.jpeg,0.9672696,11785606.160310311,2291696.90793454
27,725.jpeg,0.96721005,11835489.526926547,1118565.15246721
28,717.jpeg,0.9671487,11844976.47599766,1145676.9397475545
29,200.jpeg,0.9670874,11822776.680952182,2426717.0637120977
30,429.jpeg,0.96702373,11785530.830986816,2291955.314175506
31,464.jpeg,0.9668036,11699164.511074226,1196055.0243307769
32,256.jpeg,0.96661705,11807129.090940973,2375227.564884836
33,34.jpeg,0.9666082,11790742.606884755,1137107.254171585
34,466.jpeg,0.9665636,11701350.74113416,1199779.5512820035
35,508.jpeg,0.96637213,11757526.16259542,1172967.4473279836
36,170.jpeg,0.9663644,11796937.34564036,2423010.762193353
37,710.jpeg,0.96636146,11843807.290833429,1142839.3772094776
38,11.jpeg,0.9661314,11738276.185494555,1159502.4204072603
39,513.jpeg,0.965978,11757065.421467235,1170060.3058717195
40,341.jpeg,0.9658396,11797413.772877373,2342867.748236021
41,301.jpeg,0.96570665,11808618.376726229,2348266.7622102564
42,455.jpeg,0.96555716,11837650.440896489,2331759.416067875
43,426.jpeg,0.96539783,11793649.553239755,2295821.430545398
44,197.jpeg,0.96536416,11819123.334102483,2428200.225538456
45,934.jpeg,0.96534026,11742694.068117429,1155879.8872347046
46,210.jpeg,0.96529293,11804728.234226856,2384875.2828029376
47,223.jpeg,0.9652914,11810802.530459546,2379116.277239284
48,411.jpeg,0.9651298,11789715.925070465,2307748.536183615
49,465.jpeg,0.9650543,11701666.263048971,1199688.9413004124
50,222.jpeg,0.96503454,11812049.743213767,2380892.062946764
51,571.jpeg,0.9648971,11840197.24555944,1116468.0278678522
52,315.jpeg,0.96488315,11800942.544894388,2347632.6719975043
53,888.jpeg,0.9647372,11791826.10054964,2292486.9810415725
54,933.jpeg,0.9647128,11742691.436522532,1155881.919154005
55,82.jpeg,0.9647025,11813564.09633606,1165619.715980143
56,86.jpeg,0.96452326,11815298.230947364,1165310.7602779388
57,445.jpeg,0.9644652,11836142.885210805,2323012.362613537
58,479.jpeg,0.9644555,11733539.901815882,1166998.0728378354
59,608.jpeg,0.9643169,11810493.416862505,1271556.513544858
60,195.jpeg,0.9643025,11818711.306866908,2425433.401750705
61,191.jpeg,0.9642905,11818079.125519833,2424415.6950360327
62,50.jpeg,0.9642068,11835486.004787514,1118568.303342715
63,334.jpeg,0.9641986,11794971.756121278,2344854.9379271525
64,531.jpeg,0.9641822,11772697.34490564,1150805.0213732922
65,962.jpeg,0.96414506,11809261.05847996,1270180.3254780138
66,318.jpeg,0.96410066,11798928.946534788,2352031.868128506
67,446.jpeg,0.964097,11836175.055093732,2322937.556489507
68,626.jpeg,0.9640795,11804048.331233166,2374915.3981100777
69,219.jpeg,0.96397626,11814097.357827242,2380542.499547725
70,851.jpeg,0.9639688,11875196.27948542,1164413.4653857525
71,706.jpeg,0.9638591,11841399.29639692,1147881.3173085875
72,277.jpeg,0.9638107,11805219.120856969,2353244.9038314256
73,263.jpeg,0.9638101,11797575.475902831,2379021.385483561
74,266.jpeg,0.9636998,11803925.708691671,2381499.13304657
75,564.jpeg,0.9636128,11792618.06172475,1143993.9035878708
76,689.jpeg,0.96357316,11837691.275383364,1149133.37393891
77,6.jpeg,0.96357185,11700963.035892168,1200696.7468921472
78,388.jpeg,0.96356225,11786906.24363956,2321565.136844457
79,510.jpeg,0.9634424,11758434.49469149,1171212.2056786877
80,198.jpeg,0.96332675,11821850.232253088,2426794.2375704986
81,704.jpeg,0.9633203,11837688.794823457,1149133.5924863163
82,458.jpeg,0.96311086,11841950.540905502,2328946.675185483
83,462.jpeg,0.9630913,11838438.669901758,2323033.6480521704
84,618.jpeg,0.96293086,11795292.915343136,2349954.3527122005
85,333.jpeg,0.9629226,11794893.781206494,2344911.284886244
86,314.jpeg,0.96287394,11797322.518141732,2350656.778672333
87,468.jpeg,0.9627937,11701508.046591766,1199466.891047335
88,408.jpeg,0.9627906,11794681.092101444,2307410.8153657443
89,220.jpeg,0.96272177,11814030.968457526,2380504.825634585
90,881.jpeg,0.96266323,11798995.9137034,2301399.7333768443
91,887.jpeg,0.9626542,11790073.29355662,2291828.132372953
92,550.jpeg,0.9625729,11799569.810975011,1150593.8714556096
93,5.jpeg,0.96251875,11700169.13612262,1199690.9121392516
94,975.jpeg,0.96248484,11814049.075399388,1270465.0426014615
95,942.jpeg,0.96248025,11758429.25733156,1170366.0680123067
96,525.jpeg,0.962439,11771292.609123016,1153178.0490602124
97,572.jpeg,0.96243274,11840201.485557431,1116464.7995141856
98,4.jpeg,0.9624325,11696874.796290869,1196438.563920652
99,930.jpeg,0.9623724,11741332.59986586,1157007.677894011
100,477.jpeg,0.9623391,11699544.257653993,1190449.1348180822
101,885.jpeg,0.9622755,11786678.558301466,2295302.867352027
102,841.jpeg,0.9622561,11869724.22561244,1167927.288265108
103,779.jpeg,0.9622553,11820942.079253327,1168232.2719751813
104,505.jpeg,0.96218854,11755455.818566468,1174018.7117284634
105,478.jpeg,0.9621688,11694344.990291148,1193505.1140008476
106,165.jpeg,0.96216285,11794553.54331242,2420361.6201512623
107,687.jpeg,0.9620568,11778341.215496125,1126286.6294048545
108,547.jpeg,0.96181035,11797667.277061224,1151166.8038889137
109,443.jpeg,0.9617831,11839299.54379432,2325496.015807894
110,336.jpeg,0.9617562,11793489.56706656,2346892.539825139
111,310.jpeg,0.9617117,11799316.909260036,2348881.753955795
112,668.jpeg,0.9615925,11797053.132070305,1147795.1948154103
113,454.jpeg,0.9615491,11838555.794611784,2330600.300658479
114,97.jpeg,0.96149474,11812807.619129203,1270935.089921734
115,890.jpeg,0.961451,11789847.604620373,2291677.219538508
116,410.jpeg,0.9613991,11789867.302707065,2307802.35021308
117,226.jpeg,0.9612923,11812064.185145328,2382205.06104136
118,271.jpeg,0.96127623,11806450.210138736,2356328.334385381
119,296.jpeg,0.96127427,11806506.924819527,2348800.6781716
120,845.jpeg,0.9612592,11872625.836900204,1159979.654204565
121,190.jpeg,0.9612218,11818083.441941028,2424340.3222327386
122,678.jpeg,0.9610452,11798672.374559196,1145351.4435958536
123,265.jpeg,0.9609952,11798083.150266197,2380122.698857658
124,338.jpeg,0.9609948,11796558.28869068,2348808.7757003866
125,853.jpeg,0.9608167,11875313.125212535,1160261.0473984145
126,469.jpeg,0.9607665,11701990.132326877,1199137.2963022029
127,977.jpeg,0.96071756,11812948.377253948,1267084.4469044742
128,368.jpeg,0.96067196,11796439.950141463,2327299.055664581
129,328.jpeg,0.9605148,11790593.104374137,2347357.468983118
130,239.jpeg,0.9604519,11804896.019800398,2382957.620933094
131,40.jpeg,0.9604399,11791971.693491291,1141557.2031293856
132,311.jpeg,0.96041924,11798748.56932406,2349011.860635066
133,481.jpeg,0.9604032,11737270.191482536,1162961.745954658
134,427.jpeg,0.9603997,11792676.329060351,2301920.418170971
135,107.jpeg,0.96037054,11808109.5677426,2387613.219441035
136,394.jpeg,0.9602749,11791267.085373228,2329121.8068378177
137,600.jpeg,0.960232,11873004.385400703,1168444.2106975734
138,898.jpeg,0.96023136,11790186.405746268,2291884.082651886
139,958.jpeg,0.9602168,11699629.164797192,1203097.2938053757
140,860.jpeg,0.96013826,11836954.30609591,2325821.8052716195
141,669.jpeg,0.960055,11797058.27520565,1147789.4821290518
142,428.jpeg,0.96005243,11792671.213613804,2301936.9126236085
143,519.jpeg,0.9600507,11763649.167302042,1167088.3373027905
144,776.jpeg,0.9598353,11820904.46903043,1168703.9197102897
145,854.jpeg,0.95982426,11876921.432508595,1159631.5365201414
146,621.jpeg,0.9597559,11808184.498305382,2387635.4341491074
147,246.jpeg,0.959754,11803594.99218963,2378059.269134444
148,192.jpeg,0.9595663,11818062.828387482,2423775.805755314
149,500.jpeg,0.9593026,11753367.826868942,1173556.270004294
150,254.jpeg,0.9592789,11802689.001193134,2375786.131883132
151,237.jpeg,0.95925796,11802836.053385586,2383895.247742411
152,114.jpeg,0.9592009,11794032.72433261,2304977.486922276
153,843.jpeg,0.95916,11869829.637097117,1167969.6876733224
154,108.jpeg,0.9590907,11800375.6758179,2381555.12751012
155,970.jpeg,0.9590825,11811783.101617957,1266296.3934450997
156,229.jpeg,0.95905864,11809544.062624808,2382487.000395591
157,267.jpeg,0.95900404,11803894.252962982,2381429.8106092126
158,349.jpeg,0.9589787,11787390.298832158,2337570.097354505
159,950.jpeg,0.9589623,11760109.421051744,1170708.3393012069
160,65.jpeg,0.9589565,11833933.378486143,1161376.548852565
161,238.jpeg,0.9588863,11804910.586791158,2382956.773747098
162,12.jpeg,0.9588743,11738471.092181824,1160996.2619605132
163,27.jpeg,0.95887065,11779502.394447071,1126429.0462570426
164,276.jpeg,0.9588615,11805248.454424994,2353194.6188189434
165,297.jpeg,0.9588303,11806533.615428494,2348603.176520698
166,872.jpeg,0.9587733,11794080.86221968,2304784.661425381
167,536.jpeg,0.9587374,11786307.67405,1119088.0952881563
168,945.jpeg,0.9586244,11759220.758191554,1170221.8451724588
169,431.jpeg,0.95860595,11835601.414069315,2324791.1223094384
170,539.jpeg,0.95859593,11785991.699219428,1123227.180191688
171,9.jpeg,0.9584752,11737625.11425734,1161797.463435951
172,53.jpeg,0.95835394,11872267.585000535,1168302.560093922
173,497.jpeg,0.95823306,11755948.225805456,1168855.4602605486
174,206.jpeg,0.9582094,11821310.84703607,2424174.4616176663
175,544.jpeg,0.9581862,11794093.315900616,1145246.778725296
176,604.jpeg,0.95814943,11871379.32771264,1163216.020076529
177,471.jpeg,0.95807374,11702633.278970247,1197522.946657973
178,371.jpeg,0.9579991,11793388.090746762,2323495.085999265
179,878.jpeg,0.9578987,11799256.61840824,2298813.268039896
180,339.jpeg,0.9578777,11798067.450637108,2345895.246464673
181,875.jpeg,0.9578767,11796255.958250714,2303496.2366511
182,615.jpeg,0.9576905,11812669.34163459,1268359.064815624
183,997.jpeg,0.9576306,11796724.978498287,2438520.4565943
184,225.jpeg,0.95743936,11811285.34211468,2381848.541601303
185,224.jpeg,0.9574009,11810763.144188706,2379092.4990483737
186,355.jpeg,0.95737,11796415.468897875,2334786.577943236
187,251.jpeg,0.9573252,11803692.67529539,2377285.5475899023
188,949.jpeg,0.95726633,11760079.856184104,1169928.1285115655
189,234.jpeg,0.9572662,11807167.102239238,2384262.0528848614
190,118.jpeg,0.95720446,11792291.292100323,2289476.888544067
191,357.jpeg,0.9571522,11798422.565919513,2336354.167537955
192,272.jpeg,0.9571202,11806454.73836699,2356250.054450389
193,253.jpeg,0.95710456,11802686.398661748,2375788.0270916936
194,48.jpeg,0.95706844,11798219.42261105,1147356.1614983098
195,702.jpeg,0.9570443,11840272.17756327,1145357.1480095277
196,770.jpeg,0.9570384,11817198.985243011,1171575.2570682324
197,883.jpeg,0.9570232,11796819.525800226,2299541.319208895
198,80.jpeg,0.95682347,11814038.758826012,1161832.6314797946
199,172.jpeg,0.95669717,11794439.97175877,2424291.462906076
200,356.jpeg,0.95667493,11796398.40560094,2334736.8219441846
201,918.jpeg,0.95658416,11732784.717949769,1160639.7326403237
202,959.jpeg,0.95645154,11701413.251875794,1198098.7586220163
203,858.jpeg,0.9564309,11874492.290325196,1160267.2724101052
204,420.jpeg,0.9564297,11798826.065574847,2300161.4746302366
205,98.jpeg,0.9563642,11812757.351341149,1278048.07651155
206,736.jpeg,0.9562614,11837570.978988146,1114788.5953842823
207,849.jpeg,0.95604765,11874904.896291628,1160025.078004248
208,405.jpeg,0.95603484,11794029.68231021,2308353.033758136
209,146.jpeg,0.95591366,11793053.567495378,2432632.326479058
210,169.jpeg,0.9558901,11797333.528641328,2422852.254549093
211,280.jpeg,0.9558665,11806611.558612242,2352581.5860459344
212,13.jpeg,0.95578724,11739672.086755058,1158744.4181063178
213,862.jpeg,0.9557823,11796767.6978632,2302753.8781401203
214,676.jpeg,0.955755,11797848.56569314,1147086.9372927782
215,323.jpeg,0.9557238,11793355.678903624,2351844.0558568058
216,212.jpeg,0.95568794,11805007.050032653,2384478.3983988147
217,216.jpeg,0.95565903,11816076.74597584,2384369.952460694
218,202.jpeg,0.95560944,11823818.85624222,2425367.8477091845
219,976.jpeg,0.95559406,11812752.484192085,1265675.1051582885
220,864.jpeg,0.95559156,11795385.50438747,2306241.1180465072
221,490.jpeg,0.9555676,11732208.49163558,1161279.348851165
222,590.jpeg,0.95555335,11836161.667195352,1163645.4542562813
223,116.jpeg,0.9555466,11797111.02670338,2303280.948654319
224,306.jpeg,0.955488,11801536.17841019,2354517.589465253
225,528.jpeg,0.9554641,11773635.465136671,1153232.6378429595
226,221.jpeg,0.95538056,11812157.692522513,2380807.320683699
227,55.jpeg,0.9553741,11875651.389987191,1164108.1182722892
228,700.jpeg,0.9550902,11844780.582972726,1147298.9825524748
229,826.jpeg,0.95505327,11833901.863953795,1162336.767125321
230,240.jpeg,0.95501435,11806052.764002014,2382087.823612408
231,270.jpeg,0.95496124,11803707.812415486,2354960.5843371693
232,692.jpeg,0.95467585,11841248.193213755,1144865.6260791314
233,43.jpeg,0.95461255,11795134.195770437,1145422.325379897
234,227.jpeg,0.9545447,11812000.22743876,2382195.35846467
235,720.jpeg,0.9545225,11837349.478490736,1110197.025874255
236,177.jpeg,0.95443255,11796698.107861577,2426833.6565500773
237,248.jpeg,0.95430833,11802227.155208943,2378816.38950597
238,347.jpeg,0.9542807,11789798.436169064,2341087.644417765
239,23.jpeg,0.9542726,11778772.775190732,1126242.424641563
240,589.jpeg,0.9542289,11837375.82809124,1163406.791519413
241,562.jpeg,0.9541706,11793491.17699146,1144416.0807422164
242,21.jpeg,0.9541297,11762518.949965758,1168168.7525632647
243,800.jpeg,0.95400596,11833812.962152015,1161154.1968394967
244,588.jpeg,0.95397574,11837376.48461512,1163401.3179103923
245,877.jpeg,0.95391214,11798615.49506755,2302746.931022904
246,954.jpeg,0.9538899,11695593.681965418,1196171.8281861255
247,762.jpeg,0.9537009,11810311.199562935,1174747.3156173103
248,154.jpeg,0.9536818,11793939.540978802,2426337.513275176
249,298.jpeg,0.9535447,11808730.653662652,2346914.451065569
250,436.jpeg,0.95348614,11836927.758702911,2325532.607452278
251,173.jpeg,0.95343333,11794398.216258012,2424347.897504076
252,407.jpeg,0.95331895,11794274.156651288,2308024.450410132
253,138.jpeg,0.9532555,11795196.439914849,2439002.0116912243
254,652.jpeg,0.9531827,11791347.65473737,1137127.3544743515
255,413.jpeg,0.9531086,11792407.557784664,2307626.195805188
256,19.jpeg,0.95308065,11760047.239594596,1173576.6322770456
257,662.jpeg,0.95290947,11795449.608182617,1147325.2460252442
258,103.jpeg,0.9528322,11821196.410936076,2425499.34615936
259,423.jpeg,0.95278835,11796648.49833907,2296795.5707993694
260,509.jpeg,0.95273644,11757063.432029372,1174113.956044036
261,101.jpeg,0.9527343,11837509.1763928,2326578.97036396
262,187.jpeg,0.95267606,11826591.857267767,2426050.8711259435
263,207.jpeg,0.9526647,11821377.449464392,2424191.4719171063
264,282.jpeg,0.95257306,11806200.582493115,2352596.47783368
265,211.jpeg,0.9525296,11804682.7225053,2384829.722289002
266,522.jpeg,0.95251983,11771865.007997742,1154634.5391376112
267,761.jpeg,0.9525019,11810314.880559877,1174747.15557426
268,269.jpeg,0.95243406,11803118.132247638,2356344.1138916137
269,127.jpeg,0.9524096,11797143.52545064,2434905.369955688
270,503.jpeg,0.9523732,11751869.349193728,1175297.0442304837
271,611.jpeg,0.95236033,11812547.219516424,1280999.7038404015
272,393.jpeg,0.9522551,11790786.102815934,2329019.406214605
273,861.jpeg,0.9522542,11796196.637393368,2303475.9705778263
274,385.jpeg,0.9521772,11787807.120938832,2330012.6164068445
275,293.jpeg,0.9521113,11806504.385447964,2349660.271923481
276,681.jpeg,0.9520994,11799503.410981037,1153865.005811015
277,324.jpeg,0.9519459,11793319.19779613,2351857.0261298227
278,319.jpeg,0.9519019,11792520.000002624,2349703.5252856663
279,208.jpeg,0.95184726,11821045.383245343,2424407.393167987
280,49.jpeg,0.9517858,11798738.627347006,1145908.6216763095
281,609.jpeg,0.9517016,11810073.453096714,1271826.9687996043
282,358.jpeg,0.9516438,11798473.1868192,2336343.175056091
283,360.jpeg,0.9515907,11797209.287876137,2339308.093684458
284,122.jpeg,0.951546,11800393.680832757,2301169.5093886307
285,188.jpeg,0.9515304,11819558.245180843,2422340.641642668
286,362.jpeg,0.9514533,11797799.998905774,2333612.1778733386
287,109.jpeg,0.9514476,11788914.120604914,2338878.2050667224
288,215.jpeg,0.9514368,11813324.469730036,2384480.860799475
289,213.jpeg,0.9514194,11809966.090803403,2385567.5547255534
290,756.jpeg,0.95125973,11837818.02553661,1110724.4930669966
291,520.jpeg,0.9512072,11769183.783575166,1159956.6559914895
292,325.jpeg,0.9512027,11788983.221473144,2350171.9744676035
293,698.jpeg,0.9511399,11837801.632207256,1149116.884042519
294,346.jpeg,0.95101374,11789950.020004062,2341161.981377072
295,685.jpeg,0.9510059,11801654.581036674,1150791.9270680237
296,307.jpeg,0.9508691,11802570.278493382,2352192.793734916
297,760.jpeg,0.95073795,11810308.478826055,1174747.475660438
298,337.jpeg,0.95070034,11793882.581841445,2347691.5148734213
299,112.jpeg,0.9506941,11791705.091278013,2336261.0138118463
300,773.jpeg,0.95056266,11817340.578763504,1165847.3693298255
301,625.jpeg,0.950538,11800426.80490783,2381626.355621626
302,194.jpeg,0.9503082,11818649.881039938,2425458.534929221
303,470.jpeg,0.95025253,11701453.782485742,1198082.953522056
304,184.jpeg,0.9502122,11799846.586625217,2434870.290412551
305,847.jpeg,0.9502122,11873248.335384795,1168277.092019111
306,672.jpeg,0.9501984,11797303.79069434,1148026.8708058477
307,124.jpeg,0.95019084,11798308.857540311,2434376.668616176
308,612.jpeg,0.95005083,11814917.846214237,1279007.0797923263
309,62.jpeg,0.95001286,11834989.648151657,1156472.1115403522
310,616.jpeg,0.9497429,11813942.514743043,1270356.7430055933
311,241.jpeg,0.94959176,11806044.1020094,2382020.231398024
312,540.jpeg,0.949554,11784493.013527129,1123847.849648449
313,35.jpeg,0.9494703,11791032.542694231,1136954.3778489237
314,7.jpeg,0.9493956,11700882.10006416,1200815.30157756
315,305.jpeg,0.94928396,11808581.514184823,2350367.321546092
316,647.jpeg,0.94928014,11788334.69898906,1148811.428957372
317,2.jpeg,0.9492135,11693603.827179415,1194228.9003213013
318,398.jpeg,0.9492002,11792119.018128855,2333191.041106607
319,308.jpeg,0.9491536,11802167.338799823,2349463.945498828
320,422.jpeg,0.9490537,11794597.964901391,2299553.1348990262
321,496.jpeg,0.9488697,11757314.698182724,1166468.901404143
322,380.jpeg,0.948734,11789244.80842974,2322253.6150411163
323,382.jpeg,0.94868195,11788103.88302101,2327370.661349895
324,848.jpeg,0.94862056,11873981.542227222,1159073.321870553
325,418.jpeg,0.9484612,11795367.27186376,2300862.591859988
326,917.jpeg,0.9484064,11771229.343900103,1157047.9650739806
327,648.jpeg,0.9483884,11788446.661756268,1137969.059360639
328,115.jpeg,0.94810045,11795307.10631763,2306209.09703906
329,255.jpeg,0.94809234,11803768.765317904,2375838.160604749
330,763.jpeg,0.9480863,11812471.945296563,1167898.1007906594
331,179.jpeg,0.948049,11799747.77433229,2427976.5879853764
332,764.jpeg,0.9480353,11812724.01339374,1170087.17368608
333,555.jpeg,0.94794166,11801052.45414314,1147535.9198247846
334,300.jpeg,0.9479016,11808463.274764968,2348159.383007037
335,787.jpeg,0.94783926,11834991.982556112,1156469.193535247
336,524.jpeg,0.94782484,11770295.865739567,1155148.0006821873
337,291.jpeg,0.94779027,11806114.630186828,2350005.3539584544
338,365.jpeg,0.9476962,11794774.022277389,2332116.2443324127
339,995.jpeg,0.9476779,11798024.35478816,2434297.075759122
340,867.jpeg,0.94767666,11796014.009011503,2303031.209908599
341,874.jpeg,0.9476215,11796726.759532228,2301486.681074097
342,425.jpeg,0.9475351,11793861.835378638,2296204.035380757
343,523.jpeg,0.947272,11769791.722721806,1155248.8197331598
344,902.jpeg,0.9472467,11771476.550434869,1153976.0088475945
345,386.jpeg,0.94696444,11788219.077671569,2332663.426674993
346,915.jpeg,0.94681644,11773638.970258836,1152539.2573876723
347,205.jpeg,0.9467588,11823480.340490984,2422921.7649766454
348,749.jpeg,0.94675297,11838481.135452926,1114223.5693206738
349,441.jpeg,0.94671994,11838946.024110183,2325941.7840308063
350,894.jpeg,0.9466884,11791014.640055472,2291245.728975431
351,903.jpeg,0.9466679,11773633.264037294,1152534.4151164617
352,230.jpeg,0.9466316,11809273.384795684,2382240.4164482104
353,181.jpeg,0.94638443,11801751.893252237,2429277.143495138
354,41.jpeg,0.9463667,11797918.954264708,1139288.191562238
355,235.jpeg,0.9460569,11807581.37514268,2384917.6354935924
356,381.jpeg,0.9459516,11788126.87101101,2327350.674638943
357,804.jpeg,0.9459102,11836166.430762373,1160150.4032079896
358,691.jpeg,0.945825,11841052.2044914,1142631.3332501785
359,941.jpeg,0.9457479,11757971.528805029,1172136.366117595
360,740.jpeg,0.9455942,11838510.160054475,1114197.665800443
361,457.jpeg,0.94548076,11840359.630696522,2331654.4531278578
362,144.jpeg,0.94526374,11790000.046903243,2433394.548383316
363,133.jpeg,0.9452008,11799255.855841223,2439427.275401004
364,909.jpeg,0.94507045,11773628.918180712,1151625.1278133248
365,627.jpeg,0.9450176,11789187.760700583,2336774.4552249303
366,182.jpeg,0.9449885,11801428.496352054,2432531.8032269483
367,711.jpeg,0.9447669,11841054.21105509,1142629.1396517404
368,139.jpeg,0.9447407,11795164.23115387,2439041.2741327533
369,384.jpeg,0.9447106,11788178.58718227,2329945.366009931
370,250.jpeg,0.94459754,11803216.724377926,2376806.185093667
371,383.jpeg,0.9445924,11788512.445093874,2329882.62578762
372,628.jpeg,0.94430524,11788957.492177757,2338943.438733194
373,243.jpeg,0.9443032,11805259.582531374,2379246.348894711
374,432.jpeg,0.9442833,11836074.650446463,2324497.693625991
375,3.jpeg,0.9442829,11697887.676503051,1195333.2098595817
376,636.jpeg,0.94417197,11791392.495670944,2335319.080918385
377,150.jpeg,0.94406897,11795132.596073477,2431197.0908165453
378,183.jpeg,0.94398147,11801491.327378042,2432526.5084754527
379,421.jpeg,0.9438952,11794661.463545924,2299274.3913870654
380,735.jpeg,0.9435546,11837503.989344325,1111383.6405298382
381,218.jpeg,0.9434625,11815200.45194638,2382114.190968204
382,901.jpeg,0.9433677,11771482.275236338,1154039.1657925174
383,123.jpeg,0.94329774,11798178.084217452,2434370.571557921
384,14.jpeg,0.9428482,11739551.053419355,1157887.3209547093
385,580.jpeg,0.9428323,11841606.36825142,1158738.6615177344
386,518.jpeg,0.94267774,11762953.378293244,1165910.429605573
387,900.jpeg,0.94266117,11771474.141576452,1153939.5161118477
388,912.jpeg,0.9426596,11774950.248829396,1150913.8734651916
389,320.jpeg,0.9425327,11791311.295900537,2349261.016467601
390,395.jpeg,0.9425274,11789927.405241024,2332967.3016189407
391,189.jpeg,0.9424775,11819480.413208788,2422272.484257005
392,482.jpeg,0.9421093,11736663.430787615,1162223.894911386
393,374.jpeg,0.9420021,11792414.640271207,2321668.56255256
394,281.jpeg,0.9419872,11806615.577673256,2352453.79607054
395,419.jpeg,0.9419692,11796710.510366865,2301470.2650203137
396,113.jpeg,0.9419318,11791643.352135709,2336176.7937177084
397,228.jpeg,0.94184303,11809306.013601098,2383175.664235263
398,160.jpeg,0.9417744,11789671.371629337,2430823.0453098505
399,507.jpeg,0.9417705,11757020.91769876,1172927.9708790253
400,128.jpeg,0.9416609,11796728.427200245,2435008.066094395
401,640.jpeg,0.9414606,11792226.2277865,2338669.104721271
402,745.jpeg,0.9412218,11837444.276032766,1111857.749794889
403,354.jpeg,0.9412089,11792955.200863142,2335825.4458731515
404,876.jpeg,0.94086844,11796087.328165969,2304510.6599913216
405,709.jpeg,0.94084996,11843752.517968524,1142867.084087719
406,363.jpeg,0.94080895,11797777.319104403,2333558.3370470754
407,348.jpeg,0.94067264,11790391.793251405,2338454.9704636885
408,102.jpeg,0.94063115,11837321.605585638,2326074.9938525776
409,751.jpeg,0.94052136,11838143.10602467,1108056.6529708127
410,677.jpeg,0.9404888,11797865.920402514,1147069.221978362
411,204.jpeg,0.94032484,11823487.400534214,2422914.5537895625
412,850.jpeg,0.9402883,11875121.509546977,1160071.9606400805
413,361.jpeg,0.94027966,11797212.285458649,2339310.7003756543
414,584.jpeg,0.94020885,11836286.879809633,1158242.492901775
415,879.jpeg,0.9399956,11797514.8405636,2303192.8195377034
416,487.jpeg,0.93982095,11734730.907577563,1159969.6045846196
417,563.jpeg,0.9397992,11793367.29982015,1144453.9372480914
418,153.jpeg,0.93957675,11794974.499195866,2425841.928720858
419,947.jpeg,0.93939054,11760404.26609411,1173165.4513410795
420,372.jpeg,0.9391152,11792663.020749224,2323244.873498276
421,389.jpeg,0.9390376,11791693.255706578,2322483.7642845414
422,1.jpeg,0.9389368,11693606.257765992,1194226.1473003116
423,94.jpeg,0.93891567,11812389.986003527,1266620.961360606
424,292.jpeg,0.9388516,11806078.828499082,2350150.2176369363
425,148.jpeg,0.9387849,11793073.168775504,2433451.402135321
426,145.jpeg,0.9385747,11789726.30880627,2432475.867566213
427,788.jpeg,0.93824255,11836475.593708776,1156502.8479825535
428,645.jpeg,0.93812764,11790646.388783928,2337843.9161399147
429,136.jpeg,0.9380112,11796795.232635504,2440527.335204936
430,772.jpeg,0.9379654,11818510.796413396,1162496.4780438258
431,984.jpeg,0.9375082,11818887.011668878,1279033.3033816463
432,639.jpeg,0.937271,11791188.982053485,2335142.0874907034
433,25.jpeg,0.93726367,11777407.473877707,1126563.5119659407
434,835.jpeg,0.937193,11842613.228445146,1160571.034190269
435,26.jpeg,0.9371242,11777306.172823744,1126598.477576092
436,329.jpeg,0.93686944,11791126.72927088,2346953.8008115487
437,396.jpeg,0.93680143,11789940.93670129,2333190.2562503107
438,453.jpeg,0.936688,11838646.867593369,2330439.34210313
439,409.jpeg,0.9363483,11796978.051678777,2307584.1222629887
440,313.jpeg,0.9360433,11798403.103828195,2351248.271958471
441,373.jpeg,0.9344097,11792632.434532398,2322513.015459868
442,44.jpeg,0.9340784,11796623.077044375,1147438.268845138
443,448.jpeg,0.93403214,11836245.71197068,2327464.33756
444,376.jpeg,0.93398064,11790222.714194736,2322755.556529947
445,249.jpeg,0.93388855,11803212.741932908,2376840.6835241187
446,534.jpeg,0.93350995,11781289.805502934,1127100.9022019987
447,264.jpeg,0.93331903,11797698.926612632,2380157.381641229
448,948.jpeg,0.9332078,11759710.650547478,1170745.648802289
449,367.jpeg,0.93310213,11796051.022526365,2330537.1655195025
450,126.jpeg,0.93293977,11797399.866964769,2433835.456577901
451,952.jpeg,0.93284243,11761395.381071322,1169240.314036077
452,366.jpeg,0.9327157,11796118.85422204,2330540.8854893805
453,387.jpeg,0.932558,11788494.07684759,2332663.0347808334
454,767.jpeg,0.9324623,11813888.96764953,1164878.8344618783
455,739.jpeg,0.9322122,11834624.61421551,1109275.1248191677
456,159.jpeg,0.932022,11787890.41654794,2431599.6869774647
457,199.jpeg,0.9317172,11822911.134377116,2426764.6301610544
458,137.jpeg,0.93168813,11796794.710534552,2440522.3931411817
459,512.jpeg,0.93156534,11757070.204951655,1170742.662083587
460,559.jpeg,0.93152076,11797997.111684848,1144194.198394478
461,147.jpeg,0.9314948,11792982.963598317,2433416.721673532
462,566.jpeg,0.93077254,11802490.638785329,1136157.604108806
463,286.jpeg,0.93033373,11805392.0595393,2350421.4467556733
464,180.jpeg,0.92996407,11800732.310152443,2428869.184301601
465,583.jpeg,0.92989224,11838120.35952382,1158805.7034486216
466,47.jpeg,0.92989,11796753.62031947,1147179.1378926558
467,302.jpeg,0.929699,11810565.094898265,2348045.4661156493
468,164.jpeg,0.9288558,11793471.020555137,2421449.413134573
469,973.jpeg,0.9285473,11812967.96839141,1279702.2845842824
470,993.jpeg,0.9284754,11795388.914661288,2427619.0876922086
471,657.jpeg,0.9282361,11794376.941216275,1143028.232235739
472,140.jpeg,0.92804426,11793993.562838295,2436253.1412167875
473,353.jpeg,0.92800164,11796028.990603106,2338777.5639283964
474,29.jpeg,0.92751646,11780846.540944977,1128642.669355001
475,971.jpeg,0.9274536,11811902.333914155,1266334.0036325736
476,953.jpeg,0.9273704,11761399.103592282,1169241.138515732
477,622.jpeg,0.92722046,11804744.215779783,2379281.117161084
478,766.jpeg,0.9270518,11813655.945736516,1170783.2022689355
479,400.jpeg,0.9269305,11794304.302647324,2329066.395945734
480,582.jpeg,0.92675275,11839514.279561205,1159271.2176308583
481,149.jpeg,0.9266208,11795232.243778031,2431626.1960409875
482,680.jpeg,0.926355,11797960.608707342,1139358.2659215028
483,809.jpeg,0.92572725,11839004.093471592,1162273.1550205862
484,447.jpeg,0.92553073,11836270.802450122,2327480.994134975
485,675.jpeg,0.92510176,11797732.971612504,1146138.863438466
486,1000.jpeg,0.92358404,11821192.532177458,2425365.3526823176
487,404.jpeg,0.9233616,11793955.134124655,2308331.752157813
488,45.jpeg,0.9225692,11796662.790102627,1147348.503397107
489,829.jpeg,0.92137855,11840400.310589682,1159450.811779934
490,163.jpeg,0.92123276,11791907.68215116,2423633.0420264504
491,185.jpeg,0.9212294,11802552.188702485,2433262.6705658576
492,335.jpeg,0.9203917,11797661.569664344,2345523.9316138937
493,771.jpeg,0.9202015,11817199.305325108,1171634.1530192737
494,38.jpeg,0.9198602,11792427.023540424,1139846.1729406011
495,412.jpeg,0.9187232,11792191.234424489,2307604.5896356725
496,174.jpeg,0.9176314,11796987.749187708,2424410.593192521
497,882.jpeg,0.9174481,11795321.251251284,2301010.1043290747
498,521.jpeg,0.91729665,11770683.78333648,1157869.285685863
499,236.jpeg,0.9171866,11802696.538377767,2383815.333572627
500,397.jpeg,0.91668737,11791913.462508272,2332951.9442564994
501,489.jpeg,0.916219,11734746.315090748,1161177.500767662
502,651.jpeg,0.9160795,11791033.198463194,1148170.1054674948
503,278.jpeg,0.91531175,11806777.45714297,2353139.9629573016
504,141.jpeg,0.9143797,11793964.839715617,2436340.579868618
505,911.jpeg,0.91415083,11773933.787171546,1150931.2034671202
506,312.jpeg,0.91405725,11798486.264229476,2349548.168174241
507,406.jpeg,0.91368234,11794207.081817884,2308268.905556599
508,0.jpeg,0.91366017,11696660.957958722,1194928.718424968
509,28.jpeg,0.9132649,11779374.989484968,1127107.1440961717
510,961.jpeg,0.91197217,11702251.6650764,1198705.8183735216
511,134.jpeg,0.9119514,11799114.271156304,2439375.760035797
512,968.jpeg,0.91143817,11811547.891609516,1267731.6714246548
513,650.jpeg,0.9107989,11790860.19552126,1146568.976636122
514,161.jpeg,0.91074103,11789616.835388344,2430978.304033889
515,125.jpeg,0.9104669,11798504.01659474,2433516.755902936
516,437.jpeg,0.9103939,11836082.520351691,2325326.8861504816
517,261.jpeg,0.9101878,11800310.46589275,2378095.61951186
518,209.jpeg,0.9100454,11804657.166746223,2385240.55329966
519,774.jpeg,0.90990186,11817720.795137266,1162209.540793015
520,573.jpeg,0.9090304,11835509.120218666,1113656.1412147884
521,369.jpeg,0.9062832,11797039.631222213,2327366.2070116163
522,260.jpeg,0.90618646,11806043.916031664,2377317.515803632
523,342.jpeg,0.90589476,11796558.746575864,2340012.3470921223
524,549.jpeg,0.9058627,11798992.03326968,1151441.5367902762
525,473.jpeg,0.90493536,11703794.946713028,1198520.64921824
526,156.jpeg,0.90492374,11792509.237126706,2427471.937606449
527,956.jpeg,0.90369534,11697857.101626966,1195204.298134212
528,257.jpeg,0.903689,11807021.107369136,2375220.7700121165
529,450.jpeg,0.90293884,11839219.602902314,2327735.8767149257
530,498.jpeg,0.90162283,11755002.675099105,1169831.3892161082
531,242.jpeg,0.90037304,11805543.490293715,2380249.703333335
532,214.jpeg,0.8999223,11809987.808160266,2385629.053749946
533,567.jpeg,0.89957386,11801360.495342154,1137130.9271606691
534,568.jpeg,0.89903665,11800146.936115468,1139633.1361674697
535,262.jpeg,0.89896774,11798284.885040948,2378529.272462688
536,439.jpeg,0.89791477,11838515.087443303,2326031.5211785072
537,865.jpeg,0.89726496,11796164.829406098,2302675.955672513
538,721.jpeg,0.8958157,11838509.117036592,1114195.1747770102
539,33.jpeg,0.89464885,11788518.614071343,1137936.3022436758
540,399.jpeg,0.8941099,11795124.830685908,2329175.235061286
541,117.jpeg,0.89268595,11791965.30849504,2292410.817942572
542,502.jpeg,0.8925257,11753724.621563569,1174103.8389222145
543,946.jpeg,0.89175045,11759594.746526228,1170838.01006734
544,999.jpeg,0.8906997,11821929.67260825,2425960.213197856
545,683.jpeg,0.8903935,11800223.415225515,1141914.596287704
546,899.jpeg,0.88954663,11794447.492952926,2288304.9876491874
547,196.jpeg,0.88760364,11819784.616724938,2427965.4284087503
548,825.jpeg,0.8869905,11842791.71325284,1158646.9987812012
549,565.jpeg,0.88698184,11802491.154860822,1136152.5154764005
550,646.jpeg,0.8868148,11790682.393483782,2337059.46207244
551,143.jpeg,0.88625056,11791349.786876066,2435526.1154871504
552,460.jpeg,0.883945,11842297.941764748,2324437.6334283887
553,632.jpeg,0.88366824,11790681.72707635,2337056.8433170426
554,896.jpeg,0.88212895,11791076.60875144,2291282.663105165
555,273.jpeg,0.88162136,11806697.055474916,2354557.4379876866
556,744.jpeg,0.8805054,11834561.826499607,1109277.2453122446
557,424.jpeg,0.87948906,11796599.877077056,2296492.644977198
558,433.jpeg,0.87935925,11836285.202377072,2324467.8846267355
559,630.jpeg,0.87921757,11790682.408133252,2337062.0845122
560,747.jpeg,0.87800735,11837706.377100969,1112002.5982716605
561,30.jpeg,0.8772234,11781585.630231855,1123700.3558234684
562,451.jpeg,0.8758122,11839189.790148055,2327824.926050832
563,304.jpeg,0.8748021,11810360.077357836,2348644.445655873
564,820.jpeg,0.8742939,11840695.7099897,1159475.6148487262
565,20.jpeg,0.87338346,11760631.23977125,1172395.2920503423
566,378.jpeg,0.8723349,11791159.637656102,2318329.037234789
567,665.jpeg,0.8714278,11796395.68650864,1145901.426125973
568,674.jpeg,0.87027127,11797717.141979704,1146161.6008979094
569,456.jpeg,0.86754775,11840450.623299932,2331664.9329775907
570,87.jpeg,0.8646388,11814355.735715011,1164984.2717781083
571,327.jpeg,0.8642323,11788965.540476946,2350110.9175420823
572,688.jpeg,0.8598785,11838918.883483157,1148665.0988657852
573,452.jpeg,0.8574973,11839575.169407437,2329119.320425576
574,724.jpeg,0.8571409,11838515.46904065,1116455.7736048603
575,653.jpeg,0.8567282,11792039.28145553,1149039.5342429269
576,326.jpeg,0.8560521,11788964.574901711,2350104.9199331463
577,884.jpeg,0.8558256,11797592.810705224,2303397.193175232
578,66.jpeg,0.85467196,11834210.637607783,1161557.124769137
579,401.jpeg,0.85439456,11793412.149655089,2328597.3297192976
580,36.jpeg,0.8541094,11793789.728175078,1136641.0137041423
581,158.jpeg,0.8493135,11791187.163514692,2430870.9021996283
582,871.jpeg,0.8483415,11796724.410379594,2304393.026919251
583,629.jpeg,0.8466758,11789470.812454725,2336689.6128744786
584,686.jpeg,0.84588647,11793549.62045443,1147111.0205761527
585,974.jpeg,0.839668,11812286.27379064,1266594.845402673
586,731.jpeg,0.8344441,11838158.134155223,1108058.517531369
587,495.jpeg,0.83401823,11755693.864365697,1166894.751551333
588,321.jpeg,0.83288354,11791074.82878952,2349226.9127417905
589,673.jpeg,0.8243303,11797688.900222745,1146201.9740641357
590,42.jpeg,0.8235748,11794952.512201548,1145054.317396148
591,824.jpeg,0.8226821,11842005.310805377,1158933.157770241
592,440.jpeg,0.8210107,11838565.54979854,2325962.542168103
593,390.jpeg,0.81904155,11791376.861699363,2325907.707923485
594,244.jpeg,0.8162443,11803919.775894608,2378376.555311827
595,501.jpeg,0.7966056,11753723.195310926,1174100.6250663565
596,130.jpeg,0.79274815,11797028.23995584,2437931.3463194026
597,551.jpeg,0.79186225,11799514.173771078,1153860.150679496
598,545.jpeg,0.79028255,11792779.985841954,1148287.7277143276
599,905.jpeg,0.7901023,11772755.47106135,1153874.9006196684
600,119.jpeg,0.78888553,11788360.428129142,2290259.5209548543
601,106.jpeg,0.787818,11821795.855437968,2425011.327811695
602,290.jpeg,0.7857895,11805732.035766251,2349727.4122996163
603,716.jpeg,0.78523195,11839819.963937834,1148194.9458812752
604,641.jpeg,0.7846726,11792194.155852702,2336765.657572993
605,121.jpeg,0.7773821,11798292.410618763,2302405.904181789
606,610.jpeg,0.7759405,11808846.00232681,1275331.7797595845
607,1002.jpeg,0.77146953,11822279.642412243,2424283.707970152
608,928.jpeg,0.77073884,11738535.469081333,1161078.3251425568
609,176.jpeg,0.7652972,11797628.01703236,2426748.881049571
610,638.jpeg,0.7601408,11790952.935893469,2334973.7998098424
611,22.jpeg,0.75671214,11772764.006579584,1151617.7645608366
612,643.jpeg,0.755446,11792949.999194622,2335702.1874675658
613,459.jpeg,0.75448865,11840202.462140229,2325037.428789031
614,660.jpeg,0.75063944,11795688.185538938,1147021.5969010862
615,414.jpeg,0.74406064,11794568.023590418,2307193.056225007
616,599.jpeg,0.74130845,11871031.350956265,1170586.864325196
617,488.jpeg,0.73904485,11734744.898505034,1161180.0035315803
618,944.jpeg,0.7364101,11758703.10361972,1169320.3081136057
619,167.jpeg,0.73523027,11796911.290450234,2418975.1202990087
620,31.jpeg,0.7295646,11781642.45370482,1121294.0492979777
621,552.jpeg,0.7236856,11801240.012081694,1153132.134769121
622,258.jpeg,0.72353816,11806666.425310131,2376607.969601538
623,120.jpeg,0.7176517,11787145.55561614,2294995.363161852
624,664.jpeg,0.716456,11796239.433105525,1143523.5677743617
625,939.jpeg,0.71155655,11735084.048702164,1164697.3573043777
626,932.jpeg,0.710388,11742444.488412386,1156148.106956263
627,667.jpeg,0.6985088,11796690.898668028,1147374.207086922
628,748.jpeg,0.69254047,11836886.345990391,1110973.6162619672
629,444.jpeg,0.68942076,11838310.2711843,2324345.4634785745
630,245.jpeg,0.6893701,11803991.713037057,2378351.6642816057
631,742.jpeg,0.6799524,11834896.86279941,1108233.8879645471
632,907.jpeg,0.6681839,11772950.097184652,1152174.2402880222
633,595.jpeg,0.6608578,11812265.425955417,1164697.340917854
634,289.jpeg,0.6451744,11805736.516004048,2349728.133433085
635,705.jpeg,0.64195853,11841391.510361595,1147751.8951873502
636,827.jpeg,0.64178044,11840965.431032632,1158360.255980536
637,491.jpeg,0.63765734,11731047.909845876,1161876.753169214
638,924.jpeg,0.61854035,11736817.100116877,1162816.6653642156
639,322.jpeg,0.61833996,11790296.62486418,2350059.1612061705
640,624.jpeg,0.6097136,11798259.989338009,2378676.030824756
641,775.jpeg,0.6065667,11819914.356894026,1163306.1273590352
642,364.jpeg,0.605913,11796022.90646854,2332604.0132716163
643,937.jpeg,0.60004467,11737357.478661904,1162558.7950862828
644,998.jpeg,0.593698,11800123.29207685,2425641.626064901
645,268.jpeg,0.590804,11803190.9134015,2356407.262967811
646,633.jpeg,0.57265824,11790618.625702957,2337849.218258889
647,996.jpeg,0.55559677,11800145.154170392,2425527.378995014
648,370.jpeg,0.55469644,11795674.316691536,2324518.039184935
649,514.jpeg,0.5513223,11758995.635803573,1168844.8067805043
650,135.jpeg,0.5416429,11796403.622018244,2441928.3634932493
651,294.jpeg,0.53931665,11806019.46674114,2349823.4554666844
652,438.jpeg,0.5270591,11837072.061158072,2325921.626426565
653,178.jpeg,0.52087754,11795636.512060251,2427032.9962692102
654,186.jpeg,0.52069557,11826468.36015245,2426096.7323668534
655,623.jpeg,0.5103215,11798268.845184147,2378594.378737905
656,655.jpeg,0.5093264,11794430.286436366,1136931.9438575064
657,729.jpeg,0.50294536,11834525.617771637,1109262.003157874
658,619.jpeg,0.48938265,11798258.402556594,2349545.319994258
659,517.jpeg,0.48637685,11759000.83408005,1167173.5728699474
660,95.jpeg,0.47395465,11812116.151830582,1266434.990986968
661,815.jpeg,0.46638352,11836947.775414577,1158838.079023591
662,642.jpeg,0.44692242,11792380.672899408,2338651.474000685
663,614.jpeg,0.44401988,11815707.93756987,1268242.937137168
664,152.jpeg,0.43500537,11795573.175337048,2428211.2200523564
665,504.jpeg,0.41912678,11754255.359577289,1175191.1149204797
666,96.jpeg,0.41823068,11814195.27499896,1268298.5357633992
667,649.jpeg,0.41550496,11789602.140397012,1149225.407025754
668,938.jpeg,0.40609562,11736855.660549227,1161646.2556097747
669,493.jpeg,0.4012028,11739377.368517052,1156238.3115404989
670,391.jpeg,0.4003981,11791365.69117429,2325808.6646018378
671,663.jpeg,0.39422482,11795670.093139704,1147382.3112694356
672,936.jpeg,0.39117333,11734743.611885216,1165482.5470390634
673,866.jpeg,0.39049733,11799888.773915907,2299943.660591542
674,175.jpeg,0.3900145,11800424.731686126,2424011.540074211
675,922.jpeg,0.38058412,11834659.259375568,1157399.2609463749
676,598.jpeg,0.37379757,11869643.608873066,1167058.3231728785
677,110.jpeg,0.3661973,11788822.61622789,2336805.988103454
678,537.jpeg,0.36047724,11785780.560279535,1118079.5022650652
679,925.jpeg,0.35830784,11737227.225135528,1162374.8712169996
680,895.jpeg,0.3568179,11791118.9177317,2291455.6372615783
681,46.jpeg,0.35655394,11796704.243946848,1147287.5967328034
682,814.jpeg,0.34983233,11839380.224508004,1160298.638135728
683,880.jpeg,0.32579163,11797009.208382284,2300166.7044719546
684,906.jpeg,0.30517706,11772946.954377389,1152172.1422034567
685,157.jpeg,0.29962197,11792167.014696227,2429860.066083549
686,969.jpeg,0.2965172,11811729.487095537,1266344.0863635724
687,309.jpeg,0.28854254,11802229.196179269,2349253.744929525
688,516.jpeg,0.2823301,11759022.676961428,1167044.6260355455
689,231.jpeg,0.27411348,11810278.703294108,2382606.9444165938
690,951.jpeg,0.26835117,11762642.38579224,1168110.132448464
691,828.jpeg,0.25114393,11840895.899041526,1162593.374841928
692,132.jpeg,0.25065163,11800844.009394731,2438355.5964841708
693,299.jpeg,0.24808125,11808709.445184637,2346865.07855576
694,780.jpeg,0.24609047,11821751.533008892,1163497.9377213982
695,661.jpeg,0.22037737,11795475.367828978,1146956.5724918584
696,377.jpeg,0.2166695,11789868.4418567,2319425.100786501
697,635.jpeg,0.21347155,11790861.33558784,2336685.773076389
698,926.jpeg,0.20656149,11737545.449137462,1161728.510692494
699,288.jpeg,0.2030978,11805560.950991029,2350033.915280789
700,777.jpeg,0.19434054,11818703.968303498,1163263.5243844478
701,837.jpeg,0.18242626,11839043.965990962,1160127.7856158111
702,923.jpeg,0.17642662,11736154.575064084,1163739.777962349
703,718.jpeg,0.17202447,11841231.807964342,1142788.3574426458
704,940.jpeg,0.16901714,11757703.85660774,1170461.7670962375
705,538.jpeg,0.16763046,11787355.581996389,1120448.8393511982
706,694.jpeg,0.16027406,11841765.301114151,1145764.911484145
707,732.jpeg,0.15987566,11834476.90340407,1110207.137899251
708,759.jpeg,0.15977547,11810413.623495787,1163012.964330294
709,201.jpeg,0.15298033,11823974.08559646,2425341.781443603
710,467.jpeg,0.14706467,11700989.38754524,1199900.9349380855
711,18.jpeg,0.14004026,11760282.150649764,1173350.1691040697
712,435.jpeg,0.13888036,11836833.214371912,2324766.8669598214
713,344.jpeg,0.13544813,11792234.43851265,2342225.0988126565
714,707.jpeg,0.1348176,11838884.510124492,1145863.6518817637
715,232.jpeg,0.12530947,11810289.695917193,2382602.546894085
716,830.jpeg,0.12416146,11835137.931355828,1157719.704715595
717,806.jpeg,0.122738615,11837060.118339648,1162390.2641432143
718,569.jpeg,0.1134363,11797418.489369592,1137257.690551982
719,533.jpeg,0.112345465,11784181.492024602,1126405.8459836878
720,58.jpeg,0.10979746,11875520.255062897,1158881.2199798073
721,631.jpeg,0.10606609,11790563.516462862,2337393.688784766
722,532.jpeg,0.102728,11783101.050103135,1128653.7701173036
723,259.jpeg,0.098342605,11806611.336772382,2376865.140112905
724,287.jpeg,0.09776481,11805563.566515686,2350034.648603688
725,24.jpeg,0.09693839,11778567.586361758,1126534.3480240027
726,279.jpeg,0.091725715,11806907.586143931,2352930.2881163987
727,670.jpeg,0.09022045,11797069.585296536,1147394.0380330223
728,994.jpeg,0.09021898,11795716.323722295,2433584.5956592364
729,252.jpeg,0.08639361,11803552.244378902,2377346.94930658
730,295.jpeg,0.086221196,11806593.670625675,2349093.664356448
731,162.jpeg,0.0853967,11791804.46191366,2426379.162190348
732,737.jpeg,0.084146895,11837565.316114714,1112214.8979556223
733,129.jpeg,0.08224682,11797020.15151153,2437868.6005497635
734,526.jpeg,0.081409715,11772602.05812362,1152960.395284512
735,430.jpeg,0.0757776,11834957.61682053,2324667.8263809485
736,987.jpeg,0.07377769,11810936.736473486,1267363.4530526395
737,972.jpeg,0.072428174,11811894.651826032,1273285.0266564065
738,821.jpeg,0.07122991,11840419.569396423,1159809.726432558
739,548.jpeg,0.0689281,11798832.566716276,1151160.5226573786
740,574.jpeg,0.068785764,11836090.508077666,1113136.3718553807
741,61.jpeg,0.06791819,11840884.79648772,1162595.157056098
742,921.jpeg,0.0673784,11735165.270966068,1163271.9883692036
743,816.jpeg,0.0662228,11839609.579806233,1159245.432776999
744,856.jpeg,0.06516332,11875402.707945645,1160632.02314499
745,658.jpeg,0.064396404,11794885.77112196,1144861.361839839
746,343.jpeg,0.06348471,11792243.153979553,2342315.429911821
747,417.jpeg,0.06334863,11794822.544874389,2301681.324034058
748,84.jpeg,0.06303278,11813015.316859428,1164961.705742088
749,613.jpeg,0.06287223,11818302.70949996,1273073.2844477424
750,983.jpeg,0.06273841,11816308.873330628,1272099.585255435
751,654.jpeg,0.062290825,11793245.547590995,1148321.0321938118
752,943.jpeg,0.061184622,11757662.864856113,1171521.022026732
753,733.jpeg,0.061141632,11837683.114179509,1111454.0243249456
754,352.jpeg,0.059223518,11790888.375545038,2336514.1520913565
755,494.jpeg,0.0585897,11755804.748692123,1167895.402680119
756,527.jpeg,0.058573738,11772818.48956469,1152645.126078888
757,873.jpeg,0.0578711,11796767.524730347,2302591.317240788
758,603.jpeg,0.057449132,11877971.407510951,1162015.7495586772
759,758.jpeg,0.056965895,11837685.591381278,1111453.5984108222
760,644.jpeg,0.056877613,11790754.190578217,2336973.533646029
761,929.jpeg,0.05683124,11739864.82879288,1158264.2332601442
762,233.jpeg,0.056586765,11810041.85389468,2382999.443543233
763,714.jpeg,0.056485996,11839649.070834244,1144833.4744982729
764,741.jpeg,0.05612379,11834665.874145469,1117291.9395422058
765,955.jpeg,0.056060337,11696726.709581438,1194766.4458579822
766,577.jpeg,0.055503342,11837722.832063183,1112212.9107324467
767,1001.jpeg,0.054879833,11822283.52117079,2424287.234114286
768,980.jpeg,0.05451024,11814270.87767615,1276731.3036840842
769,965.jpeg,0.053499855,11810718.78404322,1268380.3634803495
770,17.jpeg,0.053151995,11757799.514960788,1171786.5148747766
771,726.jpeg,0.052572552,11833316.259586675,1109303.747305107
772,351.jpeg,0.052485455,11789011.031577077,2337401.8115244783
773,111.jpeg,0.051817227,11792252.373098323,2336802.6938525955
774,85.jpeg,0.05176166,11816779.11202715,1165184.9663275853
775,151.jpeg,0.051047496,11794521.654186204,2429140.580285327
776,986.jpeg,0.05091227,11809987.39272477,1267040.466477203
777,982.jpeg,0.05047015,11815072.934601158,1266794.076572105
778,576.jpeg,0.050367843,11837742.09604222,1112111.9715618738
779,781.jpeg,0.050295934,11813702.60467402,1161100.0175900736
780,483.jpeg,0.050120145,11736230.478435297,1162569.263374928
781,570.jpeg,0.049967296,11801149.349935737,1140713.2508868244
782,359.jpeg,0.049959883,11796381.847186493,2338154.2692403826
783,839.jpeg,0.049939122,11843338.549220888,1161577.121776926
784,54.jpeg,0.049900983,11875070.106033456,1164256.4285187845
785,992.jpeg,0.04970579,11811680.83391668,1265818.6640432673
786,415.jpeg,0.04943322,11795648.983961033,2307768.077759506
787,757.jpeg,0.049238317,11837826.671634844,1109686.315593623
788,601.jpeg,0.04899848,11875791.002181765,1167429.0938386212
789,546.jpeg,0.048948634,11794600.839294525,1150444.605609872
790,754.jpeg,0.048868075,11839175.261163654,1115567.2141639509
791,682.jpeg,0.04875975,11799630.376917308,1148074.9133456291
792,697.jpeg,0.0486167,11842882.94938182,1145650.048854557
793,768.jpeg,0.048615113,11815349.040250557,1164608.530022015
794,844.jpeg,0.048242755,11871443.268219974,1167524.1771732229
795,699.jpeg,0.04823486,11840369.490854828,1146790.1516237317
796,985.jpeg,0.048212625,11809998.698281877,1268523.5567121836
797,449.jpeg,0.047992382,11836723.446713507,2326890.738330742
798,379.jpeg,0.04787787,11789654.276072169,2322760.4609922306
799,690.jpeg,0.04784218,11837073.267085023,1146146.5928244612
800,755.jpeg,0.04770872,11839177.128961124,1115569.285956543
801,989.jpeg,0.047692973,11809477.571721358,1267127.1529388044
802,671.jpeg,0.047626078,11797235.04343802,1147494.896739807
803,988.jpeg,0.04749683,11812379.82669312,1271215.9038297173
804,990.jpeg,0.047343716,11809992.60247774,1268525.4184260345
805,168.jpeg,0.047218546,11796597.293726828,2420535.629043043
806,659.jpeg,0.0472139,11794923.989290597,1145574.2042651307
807,701.jpeg,0.046958357,11840737.046358332,1147798.407315574
808,52.jpeg,0.046647497,11838429.46900708,1148825.348248855
809,738.jpeg,0.046640307,11838082.190097682,1106876.949836231
810,957.jpeg,0.046558853,11700305.96906872,1198776.0874485946
811,597.jpeg,0.04639388,11811496.821068777,1161168.5544018014
812,63.jpeg,0.04633251,11839966.208652567,1159669.3703414276
813,79.jpeg,0.04632324,11815268.600774229,1162016.2713785386
814,51.jpeg,0.04631673,11839159.188221538,1115577.4697964042
815,966.jpeg,0.046281755,11810937.526845176,1273436.49615817
816,543.jpeg,0.046272475,11792791.466043675,1145399.912020592
817,529.jpeg,0.046198744,11773828.04996973,1152909.3815824063
818,919.jpeg,0.046142895,11734816.17551748,1162473.8204663126
819,696.jpeg,0.045995787,11843064.437540444,1145698.4296613978
820,558.jpeg,0.045897625,11798222.09121499,1143588.0211352892
821,713.jpeg,0.045876313,11842671.857840752,1148522.6798572238
822,486.jpeg,0.04578694,11737934.306401651,1161524.0120727853
823,914.jpeg,0.045731094,11773369.701312875,1152322.032412377
824,870.jpeg,0.045687605,11794498.191495234,2305335.756153695
825,480.jpeg,0.045564063,11734764.276114486,1163939.6525536173
826,693.jpeg,0.045462485,11841277.56375534,1145477.516106289
827,712.jpeg,0.04535938,11843063.118435375,1145698.2012506188
828,916.jpeg,0.045312606,11773716.66009003,1152415.775904135
829,605.jpeg,0.04517732,11810863.661993608,1266790.4008281685
830,557.jpeg,0.045138016,11799589.325498125,1143534.6562088523
831,37.jpeg,0.045040134,11792464.886055091,1138947.7661210983
832,434.jpeg,0.04501865,11836809.93580757,2324928.149612097
833,39.jpeg,0.04489375,11793203.850670628,1140975.6919894894
834,846.jpeg,0.04469215,11873188.428347403,1159622.198601799
835,542.jpeg,0.044597313,11791062.047486562,1144766.7360988832
836,752.jpeg,0.044548392,11838098.756287796,1106887.4855965024
837,16.jpeg,0.044479497,11742327.567002935,1155175.8403393177
838,554.jpeg,0.044137795,11800270.540882291,1149544.6871127714
839,100.jpeg,0.04408148,11837860.47154734,2326623.622458973
840,485.jpeg,0.043848787,11735645.724046389,1162748.695033654
841,863.jpeg,0.043757737,11797597.333639944,2302396.8854561867
842,155.jpeg,0.043704417,11792942.890396023,2427601.821113604
843,981.jpeg,0.04368321,11813201.085704986,1267978.1289748014
844,728.jpeg,0.043679483,11836864.71684405,1110937.108901926
845,963.jpeg,0.04363294,11808990.26513051,1269688.192174529
846,666.jpeg,0.04355495,11796580.069030114,1146824.8848965573
847,617.jpeg,0.04355316,11811996.553336132,1271366.1605315786
848,275.jpeg,0.043485638,11808787.171261778,2353857.2127260906
849,769.jpeg,0.043457285,11817070.566009823,1165816.6329857036
850,695.jpeg,0.043076035,11842116.180566752,1145229.2764207995
851,656.jpeg,0.042857688,11794100.37637244,1148183.3405646265
852,83.jpeg,0.042818543,11813392.61496848,1164640.238855739
853,606.jpeg,0.04262067,11811046.316259768,1267161.7038054334
854,602.jpeg,0.042617273,11875814.37194218,1161366.290018323
855,217.jpeg,0.04252437,11815459.41841555,2382331.8244382795
856,852.jpeg,0.042471744,11875257.964993048,1159792.9204841843
857,556.jpeg,0.042447034,11799769.060166828,1144231.4347248925
858,746.jpeg,0.04229567,11836926.343300365,1110591.291543776
859,910.jpeg,0.041978635,11774728.753126374,1151667.9206326846
860,868.jpeg,0.041772068,11797699.636222316,2303644.189056436
861,345.jpeg,0.04167553,11793855.72556347,2341688.0531432545
862,474.jpeg,0.041470196,11704853.21826998,1197894.984244562
863,274.jpeg,0.0414327,11808713.242115742,2353790.9135737624
864,908.jpeg,0.04137605,11773375.14309239,1152318.1335257734
865,492.jpeg,0.041206047,11730854.501713598,1160870.7203580863
866,935.jpeg,0.041190445,11737888.147533022,1162104.6857275383
867,193.jpeg,0.0411378,11815671.4284294,2424527.3655377068
868,979.jpeg,0.04105247,11814073.321965383,1267500.0794867957
869,722.jpeg,0.04081124,11837584.815871254,1112183.6291528298
870,105.jpeg,0.04076756,11823273.838750258,2425056.8150717244
871,607.jpeg,0.04070682,11808694.201818427,1268767.686149375
872,579.jpeg,0.040668353,11839842.096583487,1149453.663422929
873,727.jpeg,0.040659767,11838275.275308104,1112375.0319330415
874,131.jpeg,0.040646546,11800808.689656071,2438367.362182269
875,684.jpeg,0.040614717,11801417.20860134,1140746.3202638028
876,15.jpeg,0.04059757,11739651.320290094,1158204.4824443236
877,743.jpeg,0.040585145,11838910.152651802,1111780.2407683209
878,734.jpeg,0.040512223,11838463.702597126,1114408.5009380938
879,927.jpeg,0.04004244,11737873.46796418,1162100.7538416828
880,506.jpeg,0.039973713,11754790.16334331,1172944.345171272
881,575.jpeg,0.039964236,11836874.335308086,1112928.2718921057
882,93.jpeg,0.03986254,11811945.562663233,1168820.750633326
883,753.jpeg,0.03975274,11837648.902865626,1111805.7368490875
884,822.jpeg,0.039710622,11841022.234831655,1158835.0154463244
885,560.jpeg,0.03969608,11797378.050751705,1144481.0302695234
886,842.jpeg,0.03964552,11869307.849999014,1166112.4978891483
887,931.jpeg,0.039561078,11742400.150599018,1156293.9499097408
888,581.jpeg,0.03952303,11840973.740688372,1159511.8063404695
889,893.jpeg,0.039404318,11790022.91055426,2291589.2788288314
890,869.jpeg,0.039154675,11796199.128099304,2303036.8305265373
891,561.jpeg,0.039038703,11795675.97984721,1142215.8251690022
892,60.jpeg,0.038897242,11842844.334501611,1160090.5360039528
893,57.jpeg,0.038785126,11875559.550826568,1159400.6249248015
894,679.jpeg,0.03840328,11800168.717597572,1146768.670559022
895,484.jpeg,0.038172595,11735871.990981076,1162594.043337639
896,719.jpeg,0.0380116,11842057.769577842,1145788.6269520076
897,32.jpeg,0.03794737,11783946.726055998,1120179.8083660682
898,578.jpeg,0.03794494,11835903.782490846,1109950.005439405
899,765.jpeg,0.037906203,11813289.189454583,1163757.75903607
900,913.jpeg,0.037819553,11774154.361720731,1151432.045239783
901,708.jpeg,0.037779316,11841984.195682667,1145796.852163608
902,964.jpeg,0.03771963,11809423.35912934,1267027.1388512058
903,81.jpeg,0.037407417,11810469.454633744,1163395.4175621178
904,904.jpeg,0.036734704,11772717.859446203,1151712.9742247986
905,750.jpeg,0.036464237,11836956.050478576,1110570.6612842572
906,171.jpeg,0.036338177,11796450.73533467,2422588.783591836
907,416.jpeg,0.036191676,11795735.73552014,2305206.595283652
908,392.jpeg,0.036064163,11790952.17546985,2326433.7536096936
909,375.jpeg,0.035759307,11790299.011139996,2322679.079230754
910,511.jpeg,0.035577085,11757909.240214052,1171276.238691947
911,203.jpeg,0.035509646,11824556.794952434,2423582.2094487464
912,530.jpeg,0.035299588,11770289.150119148,1150328.4981620973
913,283.jpeg,0.035201624,11806572.587117892,2351807.582318417
914,723.jpeg,0.03489007,11836915.852523783,1116720.5229240304
915,991.jpeg,0.034683418,11809909.69172086,1268125.9370562837
916,59.jpeg,0.034391895,11841028.848966118,1158973.4261646003
917,330.jpeg,0.0341592,11792458.629909389,2344962.629369969
918,833.jpeg,0.03406388,11838734.178215584,1159300.291205988
919,553.jpeg,0.03380961,11800836.65025018,1150434.5381623297
920,331.jpeg,0.033752773,11792461.614978489,2344962.9872306995
921,840.jpeg,0.033679567,11845379.98395735,1158462.7755889955
922,332.jpeg,0.033608876,11792464.975052431,2344963.7180079734
923,596.jpeg,0.033315226,11813495.166254276,1166005.124938686
924,284.jpeg,0.03321024,11805880.324952288,2351987.3406005744
925,855.jpeg,0.0329854,11877598.457030842,1161922.070424348
926,967.jpeg,0.03297304,11811238.646064218,1267426.6294248344
927,166.jpeg,0.032930855,11793715.661445672,2420092.7953451434
928,620.jpeg,0.032514423,11794713.217243616,2342068.483973596
929,823.jpeg,0.032375105,11841028.848966025,1158974.5933667177
930,810.jpeg,0.0320714,11838105.834234891,1161536.6504122308
931,64.jpeg,0.031723678,11839501.613520743,1160390.8471127737
932,818.jpeg,0.031453297,11840161.034155084,1159463.6509839466
933,56.jpeg,0.03109136,11874564.993189989,1164717.0126284317
934,99.jpeg,0.02943348,11838207.125444602,2326470.621015896
935,637.jpeg,0.028485874,11791150.465980085,2337250.71383236
936,104.jpeg,0.028034262,11822248.43603675,2424387.9055292606
937,442.jpeg,0.027932098,11838205.055294994,2326469.811168518
938,463.jpeg,0.02781468,11699515.859584184,1196983.3346115125
939,585.jpeg,0.025997993,11836911.70222539,1158940.3853177114
940,142.jpeg,0.02534164,11791132.201288337,2436003.4701090483
941,819.jpeg,0.023498947,11840365.683581345,1159607.0223271782
942,350.jpeg,0.021476874,11789166.104327869,2337540.61019168
943,634.jpeg,0.020653166,11790683.83666042,2337536.4196611
944,461.jpeg,0.01954834,11842485.70862908,2324490.3623944367
945,715.jpeg,0.015043292,11840448.820294248,1146773.1635178423
946,285.jpeg,0.013468835,11805993.311378617,2351981.724498863
