,fid,latitude,longitude
0,1,1194928.718424968,11696660.957958722
1,2,1194226.1473003116,11693606.257765992
2,3,1194228.9003213013,11693603.827179415
3,4,1195333.2098595817,11697887.676503053
4,5,1196438.563920652,11696874.796290869
5,6,1199690.9121392516,11700169.13612262
6,7,1200696.7468921472,11700963.035892168
7,8,1200815.3015775601,11700882.10006416
8,9,1197721.1866906001,11705008.533707503
9,10,1161797.463435951,11737625.11425734
11,12,1160081.5875469258,11738343.022305755
12,13,1159502.4204072605,11738276.185494555
13,14,1160996.2619605132,11738471.092181824
14,15,1158744.4181063178,11739672.086755058
15,16,1157887.3209547093,11739551.053419355
16,17,1158204.4824443236,11739651.320290094
17,18,1155175.8403393177,11742327.567002935
18,19,1171786.5148747766,11757799.514960788
20,21,1173350.1691040697,11760282.150649764
21,22,1173576.6322770456,11760047.239594597
22,23,1172395.2920503423,11760631.23977125
23,24,1168168.7525632647,11762518.949965758
24,25,1151617.7645608366,11772764.006579584
25,26,1126242.4246415633,11778772.775190732
26,27,1126534.3480240027,11778567.586361758
27,28,1126563.5119659407,11777407.473877707
28,29,1126598.4775760921,11777306.172823744
29,30,1126429.0462570426,11779502.394447073
30,31,1127107.1440961715,11779374.989484968
32,33,1128642.669355001,11780846.540944975
33,34,1123700.3558234684,11781585.630231857
35,36,1121294.0492979775,11781642.453704821
36,37,1120179.8083660682,11783946.726055998
37,38,1137936.3022436758,11788518.614071345
38,39,1137107.254171585,11790742.606884757
39,40,1136954.3778489237,11791032.542694231
40,41,1136641.0137041425,11793789.728175078
41,42,1138947.7661210983,11792464.886055091
42,43,1139846.1729406011,11792427.023540424
43,44,1140975.6919894894,11793203.850670628
44,45,1141557.2031293856,11791971.693491293
45,46,1139288.1915622381,11797918.954264708
46,47,1145054.317396148,11794952.512201548
47,48,1145422.3253798967,11795134.195770435
48,49,1147438.268845138,11796623.077044377
49,50,1147348.503397107,11796662.790102627
50,51,1147287.5967328034,11796704.243946848
51,52,1147179.1378926558,11796753.62031947
52,53,1147356.1614983098,11798219.42261105
53,54,1145908.6216763097,11798738.627347006
54,55,1118568.303342715,11835486.004787514
55,56,1115577.4697964042,11839159.188221538
57,58,1148825.348248855,11838429.469007079
59,60,1168302.560093922,11872267.585000535
60,61,1164256.4285187845,11875070.106033456
61,62,1164108.1182722892,11875651.389987191
62,63,1164717.0126284317,11874564.993189989
63,64,1159400.6249248015,11875559.550826568
64,65,1158881.2199798073,11875520.255062895
65,69,1158973.4261646003,11841028.848966118
66,70,1160090.5360039528,11842844.334501613
67,71,1162595.1570560979,11840884.79648772
68,72,1156472.1115403522,11834989.648151655
69,73,1159669.3703414276,11839966.208652567
70,74,1160390.8471127735,11839501.613520745
71,75,1161376.548852565,11833933.378486145
72,76,1161557.124769137,11834210.637607785
73,77,1166543.1204058446,11834105.686293768
74,78,1167618.1137188736,11836132.435415816
75,79,1166553.0418919737,11837440.869070254
76,80,1169450.9129986085,11838061.139500815
77,81,1169565.10427342,11838073.589647777
78,82,1169718.785897253,11838219.489900146
79,83,1176121.3272078314,11838175.816587284
80,84,1160652.396900336,11830142.160172183
81,85,1159519.2379296192,11827058.412272159
83,87,1158681.3811474936,11824631.9936735
84,88,1165693.5424272115,11824931.575000703
85,89,1163666.987498928,11821803.08442243
86,90,1162016.2713785386,11815268.600774227
87,91,1161832.6314797946,11814038.758826012
88,92,1163395.4175621178,11810469.454633744
89,93,1165619.715980143,11813564.09633606
90,94,1164640.238855739,11813392.614968479
91,95,1164961.705742088,11813015.316859428
92,96,1165184.9663275853,11816779.11202715
93,97,1165310.7602779388,11815298.230947364
94,98,1164984.2717781083,11814355.735715013
95,99,1164375.467619216,11823392.423186062
96,100,1164079.387419664,11823254.94597602
97,101,1164016.9705255849,11823385.86143698
98,102,1165609.4818345471,11823425.632083552
99,103,1168102.4769495619,11822527.468637396
100,104,1168820.750633326,11811945.562663231
101,105,1266620.9613606061,11812389.986003527
102,106,1266434.990986968,11812116.151830582
103,109,1268298.5357633992,11814195.274998961
105,111,1270935.089921734,11812807.619129203
106,112,1278048.07651155,11812757.351341147
107,113,2326470.621015896,11838207.125444602
108,114,2326623.622458973,11837860.471547341
109,115,2326578.9703639597,11837509.1763928
110,116,2326074.9938525776,11837321.605585638
111,117,2425499.34615936,11821196.410936076
112,118,2424387.9055292606,11822248.43603675
113,119,2425056.8150717244,11823273.838750258
114,120,2425011.327811695,11821795.855437968
115,121,2387613.219441035,11808109.5677426
116,122,2381555.1275101197,11800375.6758179
117,123,2338878.2050667224,11788914.120604914
118,124,2336805.988103454,11788822.61622789
119,125,2336802.6938525955,11792252.373098325
120,126,2336261.0138118463,11791705.091278013
121,127,2336176.7937177084,11791643.352135707
122,128,2304977.4869222753,11794032.72433261
124,130,2306209.0970390597,11795307.10631763
125,131,2303280.948654319,11797111.02670338
126,132,2292410.817942572,11791965.30849504
127,133,2289476.888544067,11792291.292100325
128,134,2290259.5209548543,11788360.428129142
129,135,2294995.3631618517,11787145.555616139
130,136,2302405.904181789,11798292.410618765
131,137,2301169.5093886307,11800393.680832757
132,138,2434370.571557921,11798178.084217452
133,139,2434376.6686161757,11798308.857540311
134,140,2433516.7559029353,11798504.01659474
135,141,2433835.456577901,11797399.866964769
136,142,2434905.3699556882,11797143.52545064
137,143,2435008.066094395,11796728.427200245
138,144,2437868.6005497635,11797020.15151153
139,145,2437931.3463194026,11797028.23995584
140,146,2438367.362182269,11800808.689656073
141,147,2438355.5964841708,11800844.009394731
142,148,2439427.2754010037,11799255.855841223
143,149,2439375.760035797,11799114.271156305
144,150,2441928.3634932493,11796403.622018244
145,151,2440527.335204936,11796795.232635505
146,152,2440522.3931411817,11796794.710534552
147,153,2439002.0116912243,11795196.439914847
148,154,2439041.2741327533,11795164.23115387
149,155,2436253.1412167875,11793993.562838297
150,156,2436340.579868618,11793964.839715617
151,157,2436003.4701090483,11791132.201288337
152,158,2435526.1154871504,11791349.786876066
153,159,2433394.5483833156,11790000.046903243
154,160,2432475.8675662135,11789726.30880627
155,161,2432632.326479058,11793053.567495378
156,162,2433416.721673532,11792982.963598317
157,163,2433451.402135321,11793073.168775503
158,164,2431626.1960409875,11795232.243778031
159,165,2431197.0908165453,11795132.596073475
160,166,2429140.580285327,11794521.654186204
161,167,2428211.2200523564,11795573.175337048
162,168,2425841.928720858,11794974.499195866
163,169,2426337.513275176,11793939.540978802
164,170,2427601.8211136037,11792942.890396025
165,171,2427471.937606449,11792509.237126706
166,172,2429860.066083549,11792167.014696227
167,173,2430870.9021996283,11791187.163514692
168,174,2431599.6869774647,11787890.41654794
169,175,2430823.0453098505,11789671.371629337
170,176,2430978.3040338894,11789616.835388344
171,177,2426379.162190348,11791804.46191366
172,178,2423633.0420264504,11791907.68215116
173,179,2421449.4131345726,11793471.020555135
174,180,2420361.6201512623,11794553.543312421
175,181,2420092.7953451434,11793715.661445672
176,182,2418975.1202990087,11796911.290450234
177,183,2420535.629043043,11796597.293726828
178,184,2422852.2545490935,11797333.528641328
179,185,2423010.762193353,11796937.34564036
180,186,2422588.783591836,11796450.73533467
181,187,2424291.462906076,11794439.97175877
182,188,2424347.897504076,11794398.216258012
183,189,2424410.593192521,11796987.749187708
184,190,2424011.540074211,11800424.731686126
185,191,2426748.881049571,11797628.01703236
186,192,2426833.6565500773,11796698.107861577
187,193,2427032.9962692102,11795636.512060251
188,194,2427976.5879853764,11799747.77433229
189,195,2428869.184301601,11800732.310152445
190,196,2429277.143495138,11801751.893252237
191,197,2432531.8032269483,11801428.496352054
192,198,2432526.5084754527,11801491.327378042
193,199,2434870.290412551,11799846.586625217
194,200,2433262.6705658576,11802552.188702485
195,201,2426096.7323668534,11826468.36015245
196,202,2426050.8711259435,11826591.857267769
197,203,2422340.6416426674,11819558.245180845
198,204,2422272.484257005,11819480.413208788
199,205,2424340.3222327386,11818083.441941027
200,206,2424415.6950360327,11818079.125519833
201,207,2423775.805755314,11818062.828387482
202,208,2424527.3655377068,11815671.428429399
203,209,2425458.5349292215,11818649.881039938
204,210,2425433.401750705,11818711.306866908
205,211,2427965.4284087503,11819784.616724938
206,212,2428200.225538456,11819123.334102483
207,213,2426794.2375704986,11821850.232253088
208,214,2426764.6301610544,11822911.134377116
209,215,2426717.0637120977,11822776.680952182
210,216,2425341.781443603,11823974.08559646
211,217,2425367.8477091845,11823818.85624222
212,218,2423582.2094487464,11824556.794952434
213,219,2422914.5537895625,11823487.400534214
214,220,2422921.7649766454,11823480.340490984
215,221,2424174.4616176663,11821310.84703607
216,222,2424191.4719171063,11821377.449464392
217,223,2424407.393167987,11821045.383245343
218,224,2385240.55329966,11804657.166746223
219,225,2384875.2828029376,11804728.234226855
220,226,2384829.722289002,11804682.722505301
221,227,2384478.3983988147,11805007.050032651
222,228,2385567.5547255534,11809966.090803405
223,229,2385629.053749946,11809987.808160266
224,230,2384480.860799475,11813324.469730036
225,231,2384369.952460694,11816076.74597584
226,232,2382331.8244382795,11815459.41841555
227,233,2382114.1909682034,11815200.451946381
228,234,2380542.4995477255,11814097.357827242
229,235,2380504.825634585,11814030.968457526
230,236,2380807.320683699,11812157.692522513
231,237,2380892.0629467634,11812049.743213767
232,238,2379116.277239284,11810802.530459546
233,239,2379092.4990483737,11810763.144188706
234,240,2381848.541601303,11811285.34211468
235,241,2382205.06104136,11812064.185145328
236,242,2382195.35846467,11812000.22743876
237,243,2383175.664235263,11809306.013601098
238,244,2382487.000395591,11809544.062624807
239,245,2382240.4164482104,11809273.384795683
240,246,2382606.9444165938,11810278.703294108
241,247,2382602.546894085,11810289.695917193
242,248,2382999.4435432334,11810041.85389468
243,249,2384262.0528848614,11807167.102239238
244,250,2384917.6354935924,11807581.375142679
245,251,2383815.333572627,11802696.538377767
246,252,2383895.247742411,11802836.053385586
247,253,2382956.773747098,11804910.586791158
248,254,2382957.620933094,11804896.019800398
249,255,2382087.8236124082,11806052.764002014
250,256,2382020.2313980237,11806044.102009399
251,257,2380249.703333335,11805543.490293717
252,258,2379246.348894711,11805259.582531374
253,259,2378376.555311827,11803919.775894608
254,260,2378351.6642816057,11803991.713037057
255,261,2378059.2691344437,11803594.99218963
256,262,2378944.87591458,11802172.491745489
257,263,2378816.38950597,11802227.155208943
258,264,2376840.6835241187,11803212.741932908
259,265,2376806.185093667,11803216.724377926
260,266,2377285.5475899023,11803692.67529539
261,267,2377346.9493065802,11803552.244378902
262,268,2375788.0270916936,11802686.398661748
263,269,2375786.1318831313,11802689.001193134
264,270,2375838.160604749,11803768.765317904
265,271,2375227.564884836,11807129.090940973
266,272,2375220.7700121165,11807021.107369136
267,273,2376607.969601538,11806666.425310131
268,274,2376865.140112905,11806611.336772382
269,275,2377317.515803632,11806043.916031664
270,276,2378095.61951186,11800310.46589275
271,277,2378529.272462688,11798284.885040948
272,278,2379021.385483561,11797575.475902831
273,279,2380157.381641229,11797698.926612632
274,280,2380122.698857658,11798083.150266195
275,281,2381499.13304657,11803925.708691673
276,282,2381429.8106092126,11803894.252962982
277,283,2356407.262967811,11803190.913401501
278,284,2356344.1138916137,11803118.132247638
279,285,2354960.5843371693,11803707.812415486
280,286,2356328.3343853815,11806450.210138736
281,287,2356250.0544503895,11806454.73836699
282,288,2354557.4379876866,11806697.055474916
283,289,2353790.9135737624,11808713.242115742
284,290,2353857.2127260906,11808787.171261778
285,291,2353194.6188189434,11805248.454424994
286,292,2353244.9038314256,11805219.120856967
287,293,2353139.9629573016,11806777.45714297
288,294,2352930.2881163987,11806907.586143933
289,295,2352581.5860459344,11806611.558612242
290,296,2352453.79607054,11806615.577673256
291,297,2352596.47783368,11806200.582493117
292,298,2351807.582318417,11806572.587117892
293,299,2351987.3406005744,11805880.324952288
294,300,2351981.724498863,11805993.311378615
295,301,2350421.4467556733,11805392.059539301
296,302,2350034.648603688,11805563.566515686
297,303,2350033.915280789,11805560.950991027
298,304,2349728.133433085,11805736.516004048
299,305,2349727.4122996163,11805732.035766251
300,306,2350005.3539584544,11806114.630186828
301,307,2350150.2176369363,11806078.828499082
302,308,2349660.271923481,11806504.385447964
303,309,2349823.4554666844,11806019.46674114
304,310,2349093.6643564473,11806593.670625677
305,311,2348800.6781715997,11806506.924819527
306,312,2348603.176520698,11806533.615428494
307,313,2346914.451065569,11808730.653662652
308,314,2346865.07855576,11808709.445184635
309,315,2348159.383007037,11808463.274764968
310,316,2348266.7622102564,11808618.376726229
311,317,2348045.4661156493,11810565.094898265
312,318,2348990.074669364,11809647.823610563
313,319,2348644.4456558735,11810360.077357836
314,320,2350367.321546092,11808581.514184823
315,321,2354517.589465253,11801536.17841019
316,322,2352192.7937349156,11802570.278493382
317,323,2349463.945498828,11802167.338799823
318,324,2349253.744929525,11802229.196179267
319,325,2348881.753955795,11799316.909260035
320,326,2349011.860635066,11798748.56932406
321,327,2349548.168174241,11798486.264229475
322,328,2351248.271958471,11798403.103828197
323,329,2350656.778672333,11797322.518141733
324,330,2347632.6719975043,11800942.544894388
325,331,2347514.589055621,11800839.261743344
326,332,2346686.5151867066,11803101.801783118
327,333,2352031.868128506,11798928.946534788
328,334,2349703.5252856663,11792520.000002623
329,335,2349261.0164676015,11791311.295900537
330,336,2349226.9127417905,11791074.82878952
331,337,2350059.1612061705,11790296.62486418
332,338,2351844.0558568058,11793355.678903623
333,339,2351857.0261298227,11793319.19779613
334,340,2350171.9744676035,11788983.221473144
335,341,2350104.9199331463,11788964.574901713
336,342,2350110.9175420823,11788965.540476946
337,343,2347357.468983118,11790593.104374137
338,344,2346953.8008115487,11791126.729270881
339,345,2344962.629369969,11792458.629909389
340,346,2344962.9872306995,11792461.614978489
341,347,2344963.7180079734,11792464.975052433
342,348,2344911.2848862433,11794893.781206494
343,349,2344854.9379271525,11794971.756121278
344,350,2345523.9316138937,11797661.569664344
345,351,2346892.539825139,11793489.567066561
346,352,2347691.5148734213,11793882.581841445
347,353,2348808.7757003866,11796558.28869068
348,354,2345895.246464673,11798067.450637108
349,355,2342862.3527054708,11797499.864858704
350,356,2342867.7482360206,11797413.772877373
351,357,2340012.3470921223,11796558.746575864
352,358,2342315.429911821,11792243.153979551
353,359,2342225.0988126565,11792234.43851265
354,360,2341688.0531432545,11793855.72556347
355,361,2341161.981377072,11789950.020004062
356,362,2341087.644417765,11789798.436169064
357,363,2338454.9704636885,11790391.793251405
358,364,2337570.097354505,11787390.298832158
359,365,2337540.61019168,11789166.104327867
360,366,2337401.8115244783,11789011.031577075
361,367,2336514.1520913565,11790888.375545038
362,368,2338777.5639283964,11796028.990603106
363,369,2335825.4458731515,11792955.200863142
364,370,2334786.577943236,11796415.468897877
365,371,2334736.8219441846,11796398.405600939
366,372,2336354.167537955,11798422.565919513
367,373,2336343.175056091,11798473.186819201
368,374,2338154.2692403826,11796381.847186493
369,375,2339308.0936844586,11797209.287876135
370,376,2339310.7003756543,11797212.285458649
371,377,2333612.1778733386,11797799.998905774
372,378,2333558.3370470754,11797777.319104405
373,379,2332604.0132716163,11796022.906468539
374,380,2332116.2443324127,11794774.022277389
375,381,2330540.8854893805,11796118.85422204
376,382,2330537.1655195025,11796051.022526363
377,383,2327299.055664581,11796439.950141465
378,384,2327366.2070116163,11797039.631222213
379,385,2324518.039184935,11795674.316691536
380,386,2323495.085999265,11793388.090746762
381,387,2323244.873498276,11792663.020749224
382,388,2322513.0154598677,11792632.434532398
383,389,2321668.56255256,11792414.640271207
384,390,2322679.079230754,11790299.011139996
385,391,2322755.556529947,11790222.714194737
386,392,2319425.1007865015,11789868.441856699
387,393,2318329.037234789,11791159.637656102
388,394,2322760.4609922306,11789654.276072169
389,395,2322253.6150411163,11789244.808429739
390,396,2327350.674638943,11788126.87101101
391,397,2327370.661349895,11788103.88302101
392,398,2329882.62578762,11788512.445093874
393,399,2329945.366009931,11788178.58718227
394,400,2330012.6164068445,11787807.120938832
395,401,2332663.426674993,11788219.077671569
396,402,2332663.0347808334,11788494.07684759
397,403,2321565.136844457,11786906.243639559
398,404,2322483.7642845414,11791693.255706578
399,405,2325907.707923485,11791376.861699365
400,406,2325808.6646018378,11791365.69117429
401,407,2326433.7536096936,11790952.17546985
402,408,2329019.406214605,11790786.102815934
403,409,2329121.8068378177,11791267.085373227
404,410,2332967.3016189407,11789927.405241024
405,411,2333190.2562503107,11789940.93670129
406,412,2332951.9442564994,11791913.462508272
407,413,2333191.041106607,11792119.018128855
408,414,2329175.235061286,11795124.830685908
409,415,2329066.395945734,11794304.302647324
410,416,2328597.3297192976,11793412.149655087
411,417,2309970.247337837,11793086.906717718
412,418,2309822.1447264873,11793289.642967
413,419,2308331.752157813,11793955.134124655
414,420,2308353.033758136,11794029.68231021
415,421,2308268.905556599,11794207.081817884
416,422,2308024.450410132,11794274.156651288
417,423,2307410.8153657443,11794681.092101445
418,424,2307584.1222629887,11796978.051678777
419,425,2307802.3502130797,11789867.302707063
420,426,2307748.536183615,11789715.925070465
421,427,2307604.5896356725,11792191.234424487
423,429,2307626.1958051873,11792407.557784665
424,430,2307193.056225007,11794568.023590418
425,431,2307768.0777595066,11795648.983961033
426,432,2305206.5952836513,11795735.73552014
427,433,2301681.324034058,11794822.544874389
428,434,2300862.591859988,11795367.271863759
429,435,2301470.2650203137,11796710.510366863
431,437,2300161.4746302366,11798826.065574847
432,438,2299274.3913870654,11794661.463545924
433,439,2299553.1348990262,11794597.964901393
434,440,2296795.5707993694,11796648.49833907
435,441,2296492.644977198,11796599.877077056
436,442,2296204.035380757,11793861.835378638
437,443,2295821.430545398,11793649.553239757
438,444,2301920.418170971,11792676.329060353
439,445,2301936.9126236085,11792671.213613804
440,446,2291955.314175506,11785530.830986815
441,447,2324667.8263809485,11834957.61682053
442,448,2324791.1223094384,11835601.414069317
443,449,2324497.693625991,11836074.650446465
444,450,2324467.8846267355,11836285.202377072
445,451,2324928.149612097,11836809.93580757
446,452,2324766.8669598214,11836833.214371912
447,453,2325532.607452278,11836927.758702913
448,454,2325326.8861504816,11836082.520351691
449,455,2325921.6264265655,11837072.061158072
450,456,2326031.5211785072,11838515.087443305
451,457,2325962.542168103,11838565.549798539
452,458,2325941.7840308063,11838946.024110183
453,459,2326469.811168518,11838205.055294994
454,460,2325496.015807894,11839299.543794319
455,461,2324345.4634785745,11838310.271184301
456,462,2323012.362613537,11836142.885210805
457,463,2322937.556489507,11836175.055093732
458,464,2327480.994134975,11836270.802450122
459,465,2327464.33756,11836245.71197068
460,466,2326890.738330742,11836723.446713509
461,467,2327735.8767149257,11839219.602902314
462,468,2327824.926050832,11839189.790148057
463,469,2329119.320425576,11839575.169407435
464,470,2330439.3421031306,11838646.867593369
465,471,2330600.300658479,11838555.794611784
466,472,2331759.416067875,11837650.440896487
467,473,2331664.9329775907,11840450.623299932
468,474,2331654.4531278578,11840359.630696522
469,475,2328946.675185483,11841950.540905502
470,476,2325037.428789031,11840202.462140227
471,477,2324437.6334283887,11842297.941764748
472,478,2324490.3623944367,11842485.70862908
473,479,2323033.6480521704,11838438.669901758
474,480,1196983.3346115123,11699515.859584184
475,481,1196055.0243307767,11699164.511074226
476,482,1199688.9413004124,11701666.263048973
477,483,1199779.5512820035,11701350.741134161
478,484,1199900.9349380857,11700989.387545241
479,485,1199466.891047335,11701508.046591766
480,486,1199137.2963022029,11701990.132326877
481,487,1198082.953522056,11701453.782485742
482,488,1197522.946657973,11702633.278970249
483,489,1197426.3451005637,11702723.849269543
484,490,1198520.64921824,11703794.946713028
485,491,1197894.984244562,11704853.21826998
486,492,1195884.3613485538,11704809.988327015
487,493,1194931.3602879029,11703894.627784537
488,494,1190449.1348180822,11699544.257653993
489,495,1193505.1140008476,11694344.990291148
490,496,1166998.0728378354,11733539.901815882
491,497,1163939.6525536173,11734764.276114486
492,498,1162961.745954658,11737270.191482536
493,499,1162223.894911386,11736663.430787617
494,500,1162569.263374928,11736230.478435295
495,501,1162594.043337639,11735871.990981076
496,502,1162748.6950336539,11735645.724046389
497,503,1161524.0120727853,11737934.306401651
498,504,1159969.6045846196,11734730.907577565
499,505,1161180.0035315803,11734744.898505034
500,506,1161177.500767662,11734746.315090748
501,507,1161279.348851165,11732208.491635581
502,508,1161876.7531692141,11731047.909845876
503,509,1160870.7203580863,11730854.501713598
504,510,1156238.3115404989,11739377.368517052
505,511,1167895.402680119,11755804.748692123
506,512,1166894.751551333,11755693.864365697
507,513,1166468.901404143,11757314.698182724
508,514,1168855.4602605486,11755948.225805456
509,515,1169831.3892161082,11755002.675099103
510,516,1171363.982779958,11753924.42740584
511,517,1173556.2700042939,11753367.826868942
513,519,1174100.6250663563,11753723.195310926
514,520,1174103.8389222145,11753724.621563567
515,521,1175297.0442304835,11751869.349193728
516,522,1175191.1149204795,11754255.359577289
517,523,1174018.7117284634,11755455.818566468
518,524,1172944.345171272,11754790.16334331
519,525,1172927.9708790253,11757020.91769876
520,526,1172967.4473279836,11757526.162595421
521,527,1174113.956044036,11757063.432029372
522,528,1171212.2056786877,11758434.49469149
523,529,1171276.238691947,11757909.240214052
524,530,1170742.662083587,11757070.204951657
525,531,1170060.3058717195,11757065.421467237
526,532,1168844.8067805045,11758995.635803573
527,533,1167438.7721003152,11759981.44912442
528,534,1167044.6260355457,11759022.676961428
529,535,1167173.5728699474,11759000.83408005
530,536,1165910.429605573,11762953.378293244
531,537,1167088.3373027903,11763649.167302042
532,538,1159956.6559914895,11769183.783575166
533,539,1157869.285685863,11770683.783336481
534,540,1154634.5391376112,11771865.007997742
535,541,1155248.8197331598,11769791.722721806
536,542,1155148.0006821873,11770295.865739569
537,543,1153178.0490602124,11771292.609123016
538,544,1152960.395284512,11772602.05812362
539,545,1152645.126078888,11772818.48956469
540,546,1153232.6378429597,11773635.465136673
541,547,1152909.3815824063,11773828.04996973
542,548,1150328.4981620973,11770289.150119148
543,549,1150805.0213732922,11772697.344905639
544,550,1128653.7701173036,11783101.050103137
545,551,1126405.8459836878,11784181.492024602
546,552,1127100.9022019987,11781289.805502934
547,553,1125923.8732906885,11780040.110141857
548,554,1119088.0952881565,11786307.67405
549,555,1118079.5022650652,11785780.560279535
550,556,1120448.8393511982,11787355.581996387
551,557,1123227.180191688,11785991.699219428
552,558,1123847.8496484493,11784493.013527127
553,559,1139527.934368928,11796643.168046232
554,560,1144766.7360988832,11791062.047486562
555,561,1145399.912020592,11792791.466043677
556,562,1145246.778725296,11794093.315900616
557,563,1148287.7277143276,11792779.985841954
558,564,1150444.6056098721,11794600.839294523
559,565,1151166.8038889135,11797667.277061224
560,566,1151160.5226573786,11798832.566716276
561,567,1151441.5367902762,11798992.03326968
562,568,1150593.8714556096,11799569.810975011
563,569,1153860.150679496,11799514.173771078
564,570,1153132.134769121,11801240.012081694
565,571,1150434.5381623295,11800836.65025018
566,572,1149544.6871127714,11800270.540882291
567,573,1147535.9198247846,11801052.45414314
568,574,1144231.4347248925,11799769.060166828
569,575,1143534.6562088523,11799589.325498123
570,576,1143588.0211352892,11798222.09121499
571,577,1144194.198394478,11797997.111684848
572,578,1144481.0302695234,11797378.050751703
573,579,1142215.8251690022,11795675.97984721
574,580,1144416.0807422164,11793491.17699146
575,581,1144453.9372480914,11793367.29982015
576,582,1143993.9035878708,11792618.06172475
577,583,1136152.5154764005,11802491.154860822
578,584,1136157.604108806,11802490.638785329
579,585,1137130.9271606691,11801360.495342154
580,586,1139633.1361674697,11800146.936115468
581,587,1137257.690551982,11797418.489369592
582,588,1140713.2508868244,11801149.349935735
583,589,1116468.0278678522,11840197.24555944
584,590,1116464.7995141856,11840201.485557433
585,591,1113656.1412147884,11835509.120218666
586,592,1113136.3718553807,11836090.508077666
587,593,1112928.2718921057,11836874.335308086
588,594,1112111.9715618738,11837742.09604222
589,595,1112212.9107324467,11837722.832063185
590,596,1109950.005439405,11835903.782490846
591,597,1149453.663422929,11839842.096583487
592,598,1158738.6615177344,11841606.36825142
593,599,1159511.8063404697,11840973.740688372
594,600,1159271.2176308583,11839514.279561205
595,601,1158805.7034486216,11838120.35952382
596,602,1158242.492901775,11836286.879809631
597,603,1158940.3853177114,11836911.70222539
598,604,1171240.443741732,11839063.29975993
599,605,1169654.1642579879,11836611.216316871
600,606,1163401.3179103923,11837376.484615121
601,607,1163406.791519413,11837375.828091241
602,608,1163645.4542562813,11836161.667195352
603,609,1163223.6752436268,11832998.20628374
604,610,1165991.0314908137,11827520.966791991
605,611,1157384.6584989221,11821040.396874191
606,612,1155531.373894399,11823939.09898278
607,613,1164697.340917854,11812265.425955417
608,614,1166005.1249386861,11813495.166254276
609,615,1161168.5544018014,11811496.821068775
610,616,1167058.3231728785,11869643.608873066
611,617,1170586.864325196,11871031.350956263
612,618,1168444.2106975734,11873004.385400703
613,619,1167429.0938386212,11875791.002181763
614,620,1161366.2900183233,11875814.37194218
615,621,1162015.7495586772,11877971.407510953
616,622,1163216.0200765287,11871379.32771264
617,623,1266790.4008281683,11810863.661993608
618,624,1267161.7038054334,11811046.316259768
619,625,1268767.686149375,11808694.201818427
620,626,1271556.513544858,11810493.416862503
621,627,1271826.9687996043,11810073.453096714
622,628,1275331.7797595845,11808846.00232681
624,630,1280999.7038404015,11812547.219516423
625,631,1279007.0797923263,11814917.846214235
626,632,1273073.2844477424,11818302.709499959
627,633,1268242.937137168,11815707.93756987
628,634,1268359.064815624,11812669.34163459
629,635,1270356.7430055933,11813942.514743045
630,636,1271366.1605315786,11811996.553336132
631,,2349954.3527122005,11795292.915343137
632,,2349545.319994258,11798258.402556594
633,,2342068.4839735962,11794713.217243617
634,,2387635.4341491074,11808184.498305382
635,,2379281.117161084,11804744.215779785
636,,2378594.3787379055,11798268.845184147
637,,2378676.0308247562,11798259.989338007
638,,2381626.355621626,11800426.80490783
639,,2374915.3981100777,11804048.331233166
640,,2336774.4552249303,11789187.760700583
641,,2338943.438733194,11788957.492177755
642,,2336689.6128744786,11789470.812454723
643,,2337062.0845122,11790682.408133253
644,,2337393.688784766,11790563.516462862
645,,2337056.8433170426,11790681.72707635
646,,2337849.218258889,11790618.625702955
647,,2337536.4196610996,11790683.836660419
648,,2336685.773076389,11790861.33558784
649,,2335319.080918385,11791392.495670943
650,,2337250.7138323593,11791150.465980083
651,,2334973.7998098424,11790952.935893469
652,,2335142.0874907034,11791188.982053485
653,,2338669.104721271,11792226.2277865
654,,2336765.6575729935,11792194.155852702
655,,2338651.474000685,11792380.672899408
656,,2335702.1874675658,11792949.999194622
657,,2336973.533646029,11790754.190578217
658,,2337843.9161399147,11790646.388783928
659,,2337059.46207244,11790682.393483782
660,,1148811.428957372,11788334.69898906
661,,1137969.059360639,11788446.661756268
662,,1149225.407025754,11789602.140397012
663,,1146568.976636122,11790860.19552126
664,,1148170.1054674948,11791033.198463194
665,,1137127.3544743515,11791347.65473737
666,,1149039.5342429269,11792039.28145553
667,,1148321.0321938118,11793245.547590995
668,,1136931.9438575064,11794430.286436366
669,,1148183.3405646263,11794100.37637244
670,,1143028.232235739,11794376.941216275
671,,1144861.361839839,11794885.77112196
672,,1145574.2042651307,11794923.989290595
673,,1147021.5969010862,11795688.185538938
674,,1146956.5724918584,11795475.367828978
675,,1147325.2460252442,11795449.608182615
676,,1147382.3112694356,11795670.093139704
677,,1143523.5677743615,11796239.433105525
678,,1145901.426125973,11796395.686508639
679,,1146824.8848965573,11796580.069030114
680,,1147374.2070869221,11796690.898668027
681,,1147795.1948154105,11797053.132070303
682,,1147789.4821290518,11797058.27520565
683,,1147394.0380330225,11797069.585296536
684,,1147494.896739807,11797235.04343802
685,,1148026.8708058475,11797303.79069434
686,,1146201.9740641355,11797688.900222743
687,,1146161.6008979094,11797717.141979704
688,,1146138.863438466,11797732.971612504
689,,1147086.9372927782,11797848.56569314
690,,1147069.221978362,11797865.920402514
691,,1145351.4435958536,11798672.374559196
692,,1146768.6705590219,11800168.717597572
693,,1139358.2659215028,11797960.608707342
694,,1153865.005811015,11799503.410981035
695,,1148074.9133456293,11799630.376917308
696,,1141914.596287704,11800223.415225517
697,,1140746.3202638028,11801417.20860134
698,,1150791.9270680235,11801654.581036674
699,,1147111.0205761527,11793549.62045443
705,,1126286.6294048545,11778341.215496125
707,1923,1148665.0988657852,11838918.883483155
710,,1149133.37393891,11837691.275383363
711,,1146146.5928244612,11837073.267085025
712,,1142631.3332501785,11841052.2044914
713,,1144865.6260791314,11841248.193213757
714,,1145477.5161062893,11841277.56375534
716,,1145764.911484145,11841765.301114153
717,,1145229.2764207995,11842116.180566752
718,,1145698.4296613978,11843064.437540445
719,,1145650.0488545573,11842882.949381819
721,,1149116.8840425187,11837801.632207256
722,,1146790.1516237317,11840369.490854828
723,,1147298.9825524748,11844780.582972726
724,,1147798.407315574,11840737.046358332
725,,1145357.1480095277,11840272.17756327
726,,1143895.1349782862,11840640.689455634
727,,1149133.5924863163,11837688.794823455
728,,1147751.8951873502,11841391.510361595
729,,1147881.3173085877,11841399.29639692
730,,1145863.6518817637,11838884.510124493
731,,1145796.852163608,11841984.195682669
732,,1142867.084087719,11843752.517968524
733,,1142839.3772094776,11843807.290833429
734,,1142629.1396517404,11841054.21105509
735,,1145698.2012506188,11843063.118435377
737,,1148522.6798572238,11842671.857840752
738,,1144833.4744982729,11839649.070834244
739,,1146773.1635178423,11840448.820294248
740,,1148194.9458812752,11839819.963937834
741,,1145676.9397475543,11844976.47599766
742,,1142788.3574426458,11841231.807964342
744,,1145788.6269520076,11842057.769577842
745,,1110197.025874255,11837349.478490736
746,,1114195.1747770102,11838509.117036592
747,,1112183.6291528298,11837584.815871254
748,,1116720.5229240304,11836915.852523785
749,,1116455.7736048603,11838515.46904065
750,,1118565.15246721,11835489.526926547
751,,1109303.747305107,11833316.259586677
752,,1112375.0319330415,11838275.275308104
753,,1110937.108901926,11836864.71684405
754,,1109262.003157874,11834525.617771637
755,,1114551.1904918384,11833560.714349693
756,,1108058.5175313693,11838158.134155223
757,,1110207.137899251,11834476.90340407
758,,1111454.0243249456,11837683.114179509
759,,1114408.5009380938,11838463.702597126
760,,1111383.6405298382,11837503.989344323
761,,1114788.5953842823,11837570.978988146
762,,1112214.8979556223,11837565.316114714
763,,1106876.949836231,11838082.190097682
764,,1109275.1248191677,11834624.61421551
765,,1114197.665800443,11838510.160054475
766,,1117291.9395422058,11834665.874145467
767,,1108233.8879645471,11834896.86279941
768,,1111780.2407683209,11838910.152651802
769,,1109277.2453122446,11834561.826499607
770,,1111857.749794889,11837444.276032766
771,,1110591.291543776,11836926.343300365
772,,1112002.5982716605,11837706.377100967
773,,1110973.6162619672,11836886.345990391
774,,1114223.5693206738,11838481.135452926
775,,1110570.6612842572,11836956.050478576
776,,1108056.6529708127,11838143.10602467
777,,1106887.4855965024,11838098.756287795
778,,1111805.7368490875,11837648.902865626
779,,1115567.2141639509,11839175.261163654
780,,1115569.285956543,11839177.128961124
781,,1110724.4930669966,11837818.02553661
782,,1109686.315593623,11837826.671634844
783,,1111453.5984108222,11837685.591381278
784,,1163012.964330294,11810413.623495787
785,,1174747.475660438,11810308.478826055
786,,1174747.15557426,11810314.880559875
787,,1174747.3156173103,11810311.199562935
788,,1167898.1007906594,11812471.945296565
789,,1170087.1736860801,11812724.013393741
790,,1163757.75903607,11813289.189454585
791,,1170783.2022689355,11813655.945736516
792,,1164878.8344618783,11813888.96764953
793,,1164608.5300220153,11815349.040250557
794,,1165816.6329857036,11817070.566009823
795,,1171575.2570682324,11817198.985243011
796,,1171634.1530192737,11817199.305325108
797,,1162496.4780438258,11818510.796413396
798,,1165847.3693298257,11817340.578763504
799,,1162209.540793015,11817720.795137266
800,,1163306.1273590352,11819914.356894026
801,,1168703.9197102897,11820904.46903043
802,,1163263.5243844478,11818703.968303498
803,,1164662.265149645,11821599.937701475
804,,1168232.2719751813,11820942.079253327
805,,1163497.9377213982,11821751.533008892
806,,1161100.0175900736,11813702.604674019
807,,1155653.2696726755,11823215.594143745
808,,1155761.9170539998,11827156.84661187
809,,1155696.7482424339,11826825.944817252
810,,1159437.436505552,11826946.74994287
811,,1156557.1709914573,11829986.339010905
812,,1156469.1935352467,11834991.982556112
813,,1156502.8479825535,11836475.593708776
815,,1158703.5579858362,11824608.45509576
816,,1164558.14652796,11824442.614670007
817,,1161459.5166864223,11824198.572403617
818,,1166035.532725767,11825903.36800188
819,,1160627.3990060205,11826220.263799623
820,,1162186.4893500784,11827655.04687784
821,,1163040.4921812564,11827014.252849605
822,,1164800.2439923577,11828073.099564169
823,,1161715.3289193495,11829611.47219378
824,,1160647.9226256935,11830143.910975704
825,,1164043.5082516202,11831789.082091235
826,,1161154.1968394967,11833812.962152015
827,,1165886.374649375,11833710.977496546
828,,1165738.140004031,11834004.139772756
829,,1166759.2473729348,11834624.215816533
830,,1160150.4032079896,11836166.430762373
831,,1166520.1656987509,11837437.756533848
832,,1162390.2641432143,11837060.118339648
833,,1168576.3867333557,11837079.814390955
834,,1173394.6944183384,11838049.66170501
835,,1162273.1550205862,11839004.093471592
836,,1161536.6504122308,11838105.834234891
837,,1176137.4734939653,11838053.35763079
839,,1171782.6297868444,11839065.438607318
840,,1172900.7734565653,11838890.8254012
841,,1160298.638135728,11839380.224508004
842,,1158838.079023591,11836947.775414577
843,,1159245.432776999,11839609.579806231
844,,1172948.6288582701,11840322.009724183
845,,1159463.6509839466,11840161.034155084
846,,1159607.0223271782,11840365.683581343
847,,1159475.6148487262,11840695.7099897
848,,1159809.726432558,11840419.569396423
849,,1158835.0154463244,11841022.234831655
850,,1158974.5933667175,11841028.848966023
851,,1158933.157770241,11842005.310805375
852,,1158646.9987812012,11842791.713252839
853,,1162336.7671253213,11833901.863953795
854,,1158360.2559805359,11840965.431032633
855,,1162593.374841928,11840895.899041526
856,,1159450.811779934,11840400.310589682
857,,1157719.704715595,11835137.931355827
858,,1172440.117741395,11839560.604917556
859,,1159438.1174043193,11827330.175837722
860,,1159300.291205988,11838734.178215584
861,,1171371.4468294925,11838231.842659954
862,,1160571.034190269,11842613.228445146
863,,1170632.2188523358,11838611.086138321
864,,1160127.7856158111,11839043.965990962
865,,1165117.2366223333,11827926.421140194
866,,1161577.121776926,11843338.549220888
867,,1158462.7755889955,11845379.98395735
868,,1167927.288265108,11869724.225612441
869,,1166112.4978891485,11869307.849999014
870,,1167969.6876733224,11869829.637097115
871,,1167524.1771732229,11871443.268219974
872,,1159979.654204565,11872625.836900203
873,,1159622.198601799,11873188.428347403
874,,1168277.092019111,11873248.335384795
875,,1159073.321870553,11873981.542227222
876,,1160025.078004248,11874904.896291627
877,,1160071.9606400803,11875121.509546975
878,,1164413.4653857525,11875196.279485421
879,,1159792.9204841843,11875257.964993047
880,,1160261.0473984145,11875313.125212537
881,,1159631.5365201414,11876921.432508597
882,,1161922.0704243479,11877598.457030842
883,,1160632.02314499,11875402.707945643
884,,1158487.7754624228,11873820.27384781
885,,1160267.2724101052,11874492.290325195
887,,2329056.281391333,11841955.180673273
888,,2325821.8052716195,11836954.30609591
891,,2303475.9705778263,11796196.637393367
892,,2302753.8781401203,11796767.6978632
893,,2302396.8854561867,11797597.333639944
895,,2306241.1180465072,11795385.50438747
896,,2302675.955672513,11796164.829406098
897,,2299943.660591542,11799888.773915907
898,,2303031.209908599,11796014.009011505
899,,2303644.1890564356,11797699.636222316
900,,2303036.8305265373,11796199.128099304
901,,2305335.756153695,11794498.191495234
903,,2304393.026919251,11796724.410379594
904,,2304784.661425381,11794080.86221968
905,,2302591.317240788,11796767.524730347
906,,2301486.681074097,11796726.759532228
907,,2303496.2366511,11796255.958250714
909,,2304510.6599913216,11796087.328165967
910,,2302746.931022904,11798615.49506755
912,,2298813.2680398957,11799256.618408239
913,,2303192.8195377034,11797514.8405636
914,,2300166.7044719546,11797009.208382284
915,,2301399.7333768443,11798995.9137034
916,,2301010.1043290747,11795321.251251284
917,,2299541.319208895,11796819.525800226
918,,2303397.1931752316,11797592.810705224
919,,2295302.867352027,11786678.558301466
920,,2291696.90793454,11785606.160310311
921,,2291828.1323729535,11790073.29355662
922,,2292486.9810415725,11791826.10054964
923,,2289958.1855446924,11786228.855121817
924,,2291677.219538508,11789847.604620373
925,,2291356.616249951,11788452.293311253
926,,2289957.3620507694,11786229.988517422
927,,2291589.2788288314,11790022.91055426
928,,2291245.728975431,11791014.640055472
929,,2291455.6372615783,11791118.9177317
930,,2291282.663105165,11791076.608751439
931,,2290375.948458544,11791298.999900224
932,,2291884.082651886,11790186.405746268
933,,2288304.9876491874,11794447.492952926
934,,1153939.5161118475,11771474.141576452
935,,1154039.1657925174,11771482.275236338
936,,1153976.0088475945,11771476.550434867
937,,1152534.4151164617,11773633.264037294
938,,1151712.9742247986,11772717.859446205
939,,1153874.9006196684,11772755.47106135
940,,1152172.1422034567,11772946.954377387
941,,1152174.2402880222,11772950.097184652
942,,1152318.1335257734,11773375.14309239
943,,1151625.1278133248,11773628.918180712
944,,1151667.9206326846,11774728.753126374
945,,1150931.2034671202,11773933.787171546
946,,1150913.8734651916,11774950.248829395
947,,1151432.045239783,11774154.361720733
948,,1152322.032412377,11773369.701312877
949,,1152539.2573876723,11773638.970258836
950,,1152415.775904135,11773716.66009003
951,,1157047.9650739806,11771229.343900105
958,,1160639.7326403237,11732784.717949767
959,,1162473.8204663126,11734816.17551748
960,,1163227.6999844704,11734991.184206776
961,,1163271.9883692036,11735165.270966068
962,,1157399.2609463749,11834659.259375568
963,,1163739.777962349,11736154.575064085
965,,1162816.6653642156,11736817.100116875
966,,1162374.8712169996,11737227.225135528
967,,1161728.510692494,11737545.449137462
968,,1162100.7538416828,11737873.46796418
969,,1161078.3251425568,11738535.469081333
970,,1158264.2332601442,11739864.828792881
972,,1157007.677894011,11741332.59986586
973,,1156293.9499097408,11742400.150599018
974,,1156148.106956263,11742444.488412386
975,,1155881.919154005,11742691.436522532
976,,1155879.8872347046,11742694.068117429
977,,1162104.6857275385,11737888.147533022
979,,1165482.5470390634,11734743.611885216
980,,1162558.7950862828,11737357.478661904
981,,1161646.2556097747,11736855.660549227
982,,1164697.3573043775,11735084.048702165
987,,1170461.7670962375,11757703.85660774
988,,1172136.366117595,11757971.528805027
989,,1170366.0680123067,11758429.257331561
990,,1171521.022026732,11757662.864856113
991,,1169320.3081136057,11758703.103619719
992,,1170221.8451724588,11759220.758191554
993,,1170838.01006734,11759594.746526228
994,,1173165.4513410795,11760404.26609411
995,,1170745.648802289,11759710.650547478
996,,1169928.1285115655,11760079.856184103
997,,1170708.3393012069,11760109.421051744
999,,1168110.132448464,11762642.385792239
1000,,1169240.3140360767,11761395.381071322
1001,,1169241.138515732,11761399.103592282
1003,,1196171.8281861257,11695593.681965418
1004,,1194766.4458579822,11696726.709581438
1005,,1195204.298134212,11697857.101626966
1006,,1198776.0874485946,11700305.96906872
1007,,1203097.2938053755,11699629.164797192
1008,,1198098.7586220163,11701413.251875794
1009,,1193034.8179803672,11702042.837699505
1010,,1198705.8183735216,11702251.665076401
1014,,1270180.3254780138,11809261.058479961
1015,,1269688.192174529,11808990.26513051
1016,,1267027.1388512058,11809423.35912934
1017,,1268380.3634803495,11810718.78404322
1018,,1273436.49615817,11810937.526845176
1019,,1267426.6294248344,11811238.646064218
1020,,1267731.6714246548,11811547.891609516
1021,,1266344.0863635724,11811729.487095537
1022,,1266296.3934450995,11811783.101617957
1023,,1266334.0036325736,11811902.333914157
1024,,1273285.0266564065,11811894.651826032
1025,,1279702.2845842824,11812967.96839141
1026,,1266594.845402673,11812286.273790639
1027,,1270465.0426014615,11814049.075399388
1028,,1265675.1051582883,11812752.484192083
1029,,1267084.4469044742,11812948.377253948
1030,,1270237.3009131537,11813511.32974132
1031,,1267500.0794867957,11814073.321965385
1032,,1276731.3036840842,11814270.87767615
1035,,1267978.1289748014,11813201.085704986
1036,,1266794.076572105,11815072.934601158
1037,,1272099.585255435,11816308.873330628
1038,,1279033.3033816465,11818887.011668878
1039,,1268523.5567121836,11809998.698281875
1040,,1267040.466477203,11809987.39272477
1041,,1267363.4530526395,11810936.736473486
1042,,1271215.9038297173,11812379.826693121
1043,,1267127.1529388044,11809477.571721358
1044,,1268525.4184260345,11809992.602477739
1045,,1268125.9370562837,11809909.69172086
1046,,1265818.6640432673,11811680.833916679
1047,,2427619.0876922086,11795388.914661288
1048,,2433584.5956592364,11795716.323722297
1049,,2434297.075759122,11798024.35478816
1050,,2425527.378995014,11800145.154170392
1051,,2438520.4565943,11796724.978498287
1052,,2425641.626064901,11800123.29207685
1053,,2425960.2131978553,11821929.67260825
1054,,2425365.3526823176,11821192.532177458
1055,,2424287.234114286,11822283.52117079
1056,,2424283.7079701517,11822279.642412245
