,image,pred,lon,lat
410,Hoa Lư District-58,0.9736391305923462,20.192601907264688N,105.94496277429069E
830,Tam Điệp-623,0.9708031415939332,20.157424543078324N,105.87229503813344E
324,Duy Tiên District-151,0.9704052209854126,20.589054441489374N,105.97920979293177E
325,Duy Tiên District-151,0.9704052209854126,20.589054441489374N,105.97920979293177E
450,Chau Doc City-1170,0.970366597175598,10.714649543709534N,105.11522045413554E
880,Long Xuyen City-1158,0.9699312448501588,10.412212410672934N,105.41393007181749E
904,Chau Doc City-351,0.9696381092071532,10.655361006143153N,105.12070547826302E
251,Yên Mỹ District-883,0.9692488312721252,20.912478611516228N,106.03637638993158E
250,Yên Mỹ District-883,0.9692488312721252,20.912478611516228N,106.03637638993158E
442,Thái Bình-628,0.9690538644790648,20.471587044326956N,106.3780938363084E
803,Thái Bình-628,0.9690538644790648,20.471587044326956N,106.3780938363084E
534,Long Hồ District-1920,0.9690242409706116,10.280652179984958N,105.99751811093057E
862,Long Xuyen City-666,0.9687142372131348,10.369093474261044N,105.39749189587363E
1,Chau Doc City-476,0.9686753749847412,10.66614074024613N,105.04665765254182E
2,Chau Doc City-476,0.9686753749847412,10.66614074024613N,105.04665765254182E
209,Mỹ Hào District-260,0.9684779644012452,20.915021475692363N,106.10218607197996E
681,Bến Tre City-800,0.9682613611221312,10.267754408331982N,106.3406309042958E
675,Bến Tre City-800,0.9682613611221312,10.267754408331982N,106.3406309042958E
666,Bến Tre City-800,0.9682613611221312,10.267754408331982N,106.3406309042958E
535,Long Hồ District-2297,0.9681063890457152,10.31029644876813N,105.99751811093057E
658,Long Hồ District-2297,0.9681063890457152,10.31029644876813N,105.99751811093057E
941,Hiệp Hòa District-2236,0.967992663383484,21.391494951517664N,105.97170813559445E
453,Chau Doc City-1138,0.9679009914398192,10.709259676658043N,105.12070547826302E
595,Duy Tiên District-913,0.967682719230652,20.648342979057535N,105.95905252570155E
838,Tam Điệp-592,0.96767395734787,20.1547296095525N,105.92109909443417E
840,Tam Điệp-592,0.96767395734787,20.1547296095525N,105.92109909443417E
839,Tam Điệp-592,0.96767395734787,20.1547296095525N,105.92109909443417E
456,Chau Doc City-935,0.967525839805603,10.693090075503575N,105.12619050239051E
802,Go Cong Town-220,0.9672466516494752,10.365745138435436N,106.67037240985691E
444,Thái Bình-192,0.9672058820724488,20.433857974965427N,106.38097009372268E
677,Bến Tre City-635,0.9669541120529176,10.251584807177524N,106.4036170923903E
344,Phu Ly City-754,0.9668315649032592,20.55858427787936N,105.9761270862806E
345,Phu Ly City-754,0.9668315649032592,20.55858427787936N,105.9761270862806E
874,Long Xuyen City-317,0.966614842414856,10.33675427195213N,105.4742033836116E
388,Hoa Lư District-1071,0.966192901134491,20.297704314771725N,105.94783524979243E
390,Hoa Lư District-1071,0.966192901134491,20.297704314771725N,105.94783524979243E
389,Hoa Lư District-1071,0.966192901134491,20.297704314771725N,105.94783524979243E
189,Bac Giang City-233,0.9661090970039368,21.259140275801677N,106.21118950702068E
188,Bac Giang City-233,0.9661090970039368,21.259140275801677N,106.21118950702068E
295,Duy Tiên District-775,0.9660395979881288,20.640258178480057N,105.99072823134907E
307,Duy Tiên District-1192,0.9659834504127502,20.6645125802125N,105.9417748680756E
308,Duy Tiên District-1192,0.9659834504127502,20.6645125802125N,105.9417748680756E
11,Long Xuyen City-551,0.965886116027832,10.35831374015807N,105.4468064237052E
680,Bến Tre City-220,0.9657831192016602,10.221940538394358N,106.36527767355018E
184,Bac Giang City-624,0.9657331705093384,21.291479478111672N,106.20540567787614E
10,Long Xuyen City-616,0.9656216502189636,10.363703607209557N,105.4468064237052E
798,Go Cong Town-173,0.9655768871307372,10.360355271383954N,106.6922926409317E
249,Yên Mỹ District-714,0.965525209903717,20.90169887741291N,105.98445282056811E
92,Yên Mỹ District-872,0.9652551412582396,20.912478611516228N,106.004645319765E
326,Duy Tiên District-20,0.965004563331604,20.564800039756957N,105.97057096411882E
769,Mỹ Tho-412,0.9648900032043456,10.358354739008243N,106.36562412803248E
413,Tam Điệp-672,0.9647942185401917,20.160119476604144N,105.87229503813344E
430,Thái Bình-67,0.9646106958389282,20.42038330733631N,106.32632120285044E
429,Thái Bình-67,0.9646106958389282,20.42038330733631N,106.32632120285044E
386,Hoa Lư District-1205,0.964307188987732,20.311178982400836N,105.93921782328722E
123,Hiệp Hòa District-2257,0.9641990065574646,21.3941898850435N,105.95724259026198E
122,Hiệp Hòa District-2257,0.9641990065574646,21.3941898850435N,105.95724259026198E
789,Go Cong Town-186,0.9641736745834352,10.363050204909696N,106.65393223655084E
197,Mỹ Hào District-693,0.9640291929244996,20.94736067800231N,106.09064516226894E
198,Mỹ Hào District-693,0.9640291929244996,20.94736067800231N,106.09064516226894E
318,Duy Tiên District-249,0.9639328718185424,20.60522404264433N,105.9561729160972E
317,Duy Tiên District-249,0.9639328718185424,20.60522404264433N,105.9561729160972E
754,Cai Lậy Town-991,0.9638626575469972,10.435622308954873N,106.18956475430575E
30,Binh Minh Town-519,0.9637855887413024,10.042331073592832N,105.83510996854167E
358,Thanh Liêm District-287,0.9636850357055664,20.410021342582795N,105.93332984179821E
164,Hiệp Hòa District-984,0.9636383056640624,21.31064694574265N,106.00642544439235E
138,Hiệp Hòa District-624,0.9635987281799316,21.28908747753599N,105.94567015399605E
825,Ninh Bình-236,0.9635846614837646,20.238832541954036N,105.9916872412553E
586,Tây Ninh City-536,0.9633505344390868,11.350169973967425N,106.09214179096081E
500,Cao Lanh City-226,0.9633193016052246,10.424409270827347N,105.63312968269553E
415,Thái Bình-205,0.9633058309555054,20.436552908491254N,106.3205686880218E
567,Mỹ Tho-324,0.9632246494293212,10.35296487195676N,106.34370720788299E
323,Duy Tiên District-331,0.9631780982017516,20.6133088432218N,105.98496901214044E
895,Cao Lanh City-409,0.9628928899765016,10.435189004930317N,105.6660153915082E
763,Mỹ Tho-680,0.9628920555114746,10.377219273688445N,106.34370720788299E
48,Vĩnh Long-320,0.9628900289535522,10.251692338402854N,105.9856692097582E
35,Long Hồ District-283,0.9628899097442628,10.159380171326553N,105.92084037531647E
548,Long Hồ District-1327,0.9628664255142212,10.221363642418622N,105.9345328281047E
382,Thanh Liêm District-1848,0.9627546072006226,20.507038949512445N,105.93045372805089E
354,Thanh Liêm District-636,0.9627392292022704,20.434275744315205N,105.96209097927128E
498,Cao Lanh City-480,0.9626364707946776,10.440578871981804N,105.63312968269553E
192,Bac Giang City-368,0.9626176357269288,21.27261494343084N,106.19094610501479E
475,Long Xuyen City-794,0.9625201225280762,10.37987320836402N,105.38105371992982E
132,Hiệp Hòa District-1643,0.9620974063873292,21.34837601510432N,105.93988393586307E
474,Long Xuyen City-730,0.9620710015296936,10.374483341312532N,105.39201250389236E
141,Hiệp Hòa District-1095,0.96202951669693,21.318731746320154N,105.93120460866358E
834,Tam Điệp-636,0.962024450302124,20.157424543078324N,105.90961578706928E
420,Thái Bình-277,0.9616985321044922,20.441942775542895N,106.33207371767911E
822,Ninh Bình-71,0.9614695310592652,20.217273073747467N,105.9945596253111E
169,Hiệp Hòa District-1625,0.9614413976669312,21.34568108157849N,106.02378409879131E
580,Go Cong Town-328,0.961402416229248,10.376524872538408N,106.68133252539432E
149,Hiệp Hòa District-62,0.9610275030136108,21.237883740545165N,105.95145637212903E
588,Tây Ninh City-1662,0.9607484340667723,11.431017979739876N,106.11413250131899E
502,Cao Lanh City-112,0.9607037305831908,10.416324470250116N,105.66875586724257E
509,Sa Đéc City-288,0.960673689842224,10.303100272517428N,105.74360167274783E
108,Hiệp Hòa District-1802,0.9606216549873352,21.356460815681825N,105.98617368092694E
107,Hiệp Hòa District-1802,0.9606216549873352,21.356460815681825N,105.98617368092694E
281,Hung Yen City-293,0.9604758024215698,20.63678227502942N,106.0604834239998E
5,Chau Doc City-1166,0.9601502418518066,10.714649543709534N,105.10425040588055E
392,Hoa Lư District-975,0.9600874185562134,20.28961951419425N,105.95358020079591E
364,Thanh Liêm District-338,0.960014820098877,20.415411209634446N,105.90456870432516E
119,Hiệp Hòa District-2439,0.9599348306655884,21.41844428677601N,105.96881502652796E
31,Binh Minh Town-269,0.9598598480224608,10.020771605386901N,105.83510996854167E
636,Vĩnh Long-90,0.9597762823104858,10.235522737248402N,105.95554391083817E
254,Hung Yen City-731,0.9596505165100098,20.69068094554593N,106.03456207446143E
407,Hoa Lư District-151,0.959613561630249,20.200686707842156N,105.97081505380626E
4,Chau Doc City-790,0.9594290852546692,10.685005274926342N,105.0740827731793E
385,Thanh Liêm District-1241,0.959412395954132,20.46930988015091N,105.94195818304013E
531,Long Hồ District-1991,0.9593950510025024,10.286042047036446N,105.9810871675847E
180,Bac Giang City-743,0.9592073559761048,21.302259212215N,106.17937844672568E
556,Trà Vinh City-641,0.9591401815414428,9.979608109399596N,106.36186274507514E
555,Trà Vinh City-641,0.9591401815414428,9.979608109399596N,106.36186274507514E
494,Cao Lanh City-760,0.9590679407119752,10.462138340187751N,105.62764873122678E
94,Phu Ly City-418,0.959061324596405,20.537024809672765N,105.90130015169234E
568,Mỹ Tho-239,0.9590122699737548,10.347575004905272N,106.3272695177709E
163,Hiệp Hòa District-842,0.9585103392601012,21.302562145165147N,105.99774611719289E
479,Cao Lanh City-215,0.9584407806396484,10.424409270827347N,105.60298444961734E
778,Mỹ Tho-411,0.9583430290222168,10.358354739008243N,106.36288451301381E
767,Mỹ Tho-411,0.9583430290222168,10.358354739008243N,106.36288451301381E
145,Hiệp Hòa District-1225,0.9582471251487732,21.32681654689765N,105.90805973613166E
144,Hiệp Hòa District-1225,0.9582471251487732,21.32681654689765N,105.90805973613166E
165,Hiệp Hòa District-1034,0.9578830599784852,21.313341879268485N,106.01799788065833E
202,Mỹ Hào District-301,0.9577023983001708,20.917716409218183N,106.136808801113E
44,Vĩnh Long-315,0.9574492573738098,10.251692338402854N,105.97197589206726E
45,Vĩnh Long-315,0.9574492573738098,10.251692338402854N,105.97197589206726E
644,Vĩnh Long-315,0.9574492573738098,10.251692338402854N,105.97197589206726E
46,Vĩnh Long-315,0.9574492573738098,10.251692338402854N,105.97197589206726E
507,Sa Đéc City-419,0.9573708772659302,10.32196480719763N,105.72990533731752E
491,Cao Lanh City-935,0.9573690891265868,10.478307941342212N,105.61394635255486E
683,Bến Tre City-695,0.9573156833648682,10.256974674229012N,106.37349326330161E
242,Yên Mỹ District-285,0.957168996334076,20.872054608628797N,106.06233817461333E
36,Long Hồ District-241,0.9570373296737672,10.156685237800811N,105.94548679033528E
416,Thái Bình-173,0.9567950963974,20.433857974965427N,106.32632120285044E
417,Thái Bình-173,0.9567950963974,20.433857974965427N,106.32632120285044E
342,Phu Ly City-405,0.9567445516586304,20.534329876146938N,105.9876389223711E
341,Phu Ly City-405,0.9567445516586304,20.534329876146938N,105.9876389223711E
116,Hiệp Hòa District-2220,0.9563044309616088,21.388800017991827N,106.00931855345885E
115,Hiệp Hòa District-2220,0.9563044309616088,21.388800017991827N,106.00931855345885E
408,Hoa Lư District-120,0.9559792280197144,20.197991774316336N,105.97081505380626E
638,Vĩnh Long-270,0.9559123516082764,10.248997404877112N,105.96102123791452E
391,Hoa Lư District-1041,0.9558656811714172,20.2950093812459N,105.95070772529417E
170,Bac Giang City-568,0.9558314681053162,21.286089611060007N,106.24010865274344E
171,Bac Giang City-568,0.9558314681053162,21.286089611060007N,106.24010865274344E
129,Hiệp Hòa District-1484,0.955756425857544,21.340291214526815N,105.90805973613166E
264,Hung Yen City-567,0.9555435180664062,20.669121477339324N,106.0604834239998E
265,Hung Yen City-567,0.9555435180664062,20.669121477339324N,106.0604834239998E
792,Go Cong Town-113,0.9552544951438904,10.354965404332471N,106.66489235208824E
821,Ninh Bình-351,0.955211877822876,20.24961227605732N,105.9888148571995E
632,Long Hồ District-294,0.9551788568496704,10.159380171326553N,105.95096377145056E
605,Phu Ly City-691,0.9550861716270448,20.555889344353528N,105.90130015169234E
93,Phu Ly City-691,0.9550861716270448,20.555889344353528N,105.90130015169234E
23,Binh Minh Town-759,0.9548161029815674,10.063890541798765N,105.81047785703304E
14,Long Xuyen City-405,0.9545177817344666,10.344839072529355N,105.45776520766776E
379,Phu Ly City-48,0.954387664794922,20.50468560736287N,105.90993402876016E
151,Hiệp Hòa District-10,0.9543622732162476,21.227104006441834N,105.97460124466096E
505,Sa Đéc City-553,0.9541188478469848,10.343524275403572N,105.7381231385757E
349,Thanh Liêm District-1737,0.9540101885795592,20.498954148934974N,105.95346263802935E
692,Bến Tre City-537,0.953757643699646,10.24619494012604N,106.36527767355018E
338,Phu Ly City-302,0.9537093043327332,20.528940009095287N,105.93871361898645E
620,Phu Ly City-302,0.9537093043327332,20.528940009095287N,105.93871361898645E
756,Cai Lậy Town-133,0.9536948800086976,10.373638837862776N,106.12380066850477E
142,Hiệp Hòa District-1230,0.9536522626876832,21.32681654689765N,105.9225252814641E
365,Thanh Liêm District-1037,0.9528286457061768,20.458530146047615N,105.89594036308324E
820,Ninh Bình-487,0.9527732729911804,20.265781877212248N,105.96583578475317E
259,Hung Yen City-657,0.9526597261428832,20.679901211442633N,106.08064447364077E
258,Hung Yen City-657,0.9526597261428832,20.679901211442633N,106.08064447364077E
937,Hiệp Hòa District-785,0.9526104927062988,21.299867211639317N,105.96013569932848E
604,Phu Ly City-419,0.9524150490760804,20.537024809672765N,105.90417811071494E
777,Mỹ Tho-803,0.9518495202064514,10.385304074265676N,106.36836374305116E
61,Mỹ Tho-803,0.9518495202064514,10.385304074265676N,106.36836374305116E
492,Cao Lanh City-937,0.951841115951538,10.478307941342212N,105.61942730402366E
606,Phu Ly City-420,0.9517064094543456,20.537024809672765N,105.90705606973758E
34,Long Hồ District-336,0.951551914215088,10.162075104852295N,105.9181018847588E
634,Long Hồ District-1234,0.9515255689620972,10.213278841841394N,105.95096377145056E
890,Cao Lanh City-733,0.9511493444442748,10.45944340666201N,105.63861063416432E
892,Cao Lanh City-733,0.9511493444442748,10.45944340666201N,105.63861063416432E
162,Hiệp Hòa District-706,0.9507054686546326,21.29447734458765N,105.963028808395E
153,Hiệp Hòa District-229,0.949768602848053,21.259443208751826N,105.97749435372745E
166,Hiệp Hòa District-1521,0.9494109749794006,21.340291214526815N,106.01510477159182E
167,Hiệp Hòa District-1521,0.9494109749794006,21.340291214526815N,106.01510477159182E
351,Thanh Liêm District-1534,0.9493542909622192,20.48547948130585N,105.96496709301853E
350,Thanh Liêm District-1534,0.9493542909622192,20.48547948130585N,105.96496709301853E
226,Yên Mỹ District-737,0.9491724967956544,20.90169887741291N,106.05079960364367E
641,Long Hồ District-1306,0.948940634727478,10.218668708892883N,105.96739471479646E
200,Mỹ Hào District-542,0.9488401412963868,20.936580943898992N,106.14546448339627E
529,Vĩnh Long-431,0.948705792427063,10.259777138980082N,105.93637326607089E
96,Phu Ly City-341,0.948165774345398,20.531634942621114N,105.92720178289593E
97,Phu Ly City-341,0.948165774345398,20.531634942621114N,105.92720178289593E
501,Cao Lanh City-268,0.9480093717575072,10.427104204353089N,105.63312968269553E
460,Chau Doc City-592,0.947858452796936,10.67153060729762N,105.13716055064552E
330,Phu Ly City-922,0.9463549852371216,20.57475387903431N,105.90993402876016E
331,Phu Ly City-922,0.9463549852371216,20.57475387903431N,105.90993402876016E
298,Duy Tiên District-1016,0.945081114768982,20.653732846109186N,105.97633018332745E
698,Trà Vinh City-430,0.944579005241394,9.958048641193665N,106.34818224616954E
716,Trà Vinh City-430,0.944579005241394,9.958048641193665N,106.34818224616954E
725,Trà Vinh City-430,0.944579005241394,9.958048641193665N,106.34818224616954E
608,Phu Ly City-509,0.9443787336349488,20.54241467672441N,105.91568994680544E
176,Bac Giang City-295,0.9440182447433472,21.267225076379173N,106.16202695929204E
39,Long Hồ District-986,0.943276047706604,10.194414307161201N,105.94000980922003E
362,Thanh Liêm District-79,0.9424859881401062,20.38307200732456N,105.92182538680898E
347,Thanh Liêm District-1900,0.9422829151153564,20.50973388303827N,105.98222377550239E
346,Thanh Liêm District-1900,0.9422829151153564,20.50973388303827N,105.98222377550239E
609,Phu Ly City-467,0.940656304359436,20.53971974319859N,105.91856790582808E
607,Phu Ly City-467,0.940656304359436,20.53971974319859N,105.91856790582808E
621,Phu Ly City-467,0.940656304359436,20.53971974319859N,105.91856790582808E
623,Phu Ly City-467,0.940656304359436,20.53971974319859N,105.91856790582808E
718,Trà Vinh City-104,0.940597653388977,9.906844904204586N,106.31534904879615E
262,Hung Yen City-610,0.9396634697914124,20.674511344390982N,106.06336357394854E
888,Cao Lanh City-560,0.9393945932388306,10.44596873903329N,105.63038920696117E
121,Hiệp Hòa District-2386,0.9387781620025636,21.40766455267267N,105.97170813559445E
120,Hiệp Hòa District-2386,0.9387781620025636,21.40766455267267N,105.97170813559445E
124,Hiệp Hòa District-2030,0.9374456405639648,21.372630416836827N,105.94856326306252E
268,Hung Yen City-527,0.9363226890563964,20.663731610287673N,106.0547231241024E
269,Hung Yen City-527,0.9363226890563964,20.663731610287673N,106.0547231241024E
27,Binh Minh Town-786,0.9360700845718384,10.066585475324505N,105.81595165959052E
598,Mỹ Hào District-922,0.9354009628295898,20.96353027915728N,106.07333379770245E
91,Mỹ Hào District-922,0.9354009628295898,20.96353027915728N,106.07333379770245E
221,Yên Mỹ District-1087,0.9332810044288636,20.934038079722853N,106.02772246170434E
560,Trà Vinh City-314,0.9322955012321472,9.939184106513476N,106.33997394682622E
723,Trà Vinh City-314,0.9322955012321472,9.939184106513476N,106.33997394682622E
64,Mỹ Tho-529,0.9322938919067384,10.366439539585475N,106.35740528297643E
172,Bac Giang City-194,0.9299254417419434,21.25644534227584N,106.1764865321534E
38,Long Hồ District-844,0.9296877384185792,10.186329506583974N,105.9345328281047E
938,Hiệp Hòa District-1651,0.9292701482772828,21.34837601510432N,105.963028808395E
289,Hung Yen City-432,0.9283158779144288,20.650256942658544N,106.07776432369208E
340,Phu Ly City-192,0.9281272888183594,20.520855208517812N,105.96749320921272E
886,Cao Lanh City-665,0.9281063079833984,10.454053539610522N,105.62764873122678E
143,Hiệp Hòa District-1320,0.9280841946601868,21.332206413949315N,105.8935941907992E
826,Ninh Bình-198,0.926003098487854,20.23613760842822N,105.9600910166416E
471,Long Xuyen City-604,0.9256951808929444,10.363703607209557N,105.41393007181749E
206,Mỹ Hào District-184,0.9230393171310424,20.90693667511487N,106.11084175426323E
205,Mỹ Hào District-184,0.9230393171310424,20.90693667511487N,106.11084175426323E
296,Duy Tiên District-874,0.9211941957473756,20.645648045531708N,105.98784862174475E
438,Thái Bình-733,0.91922128200531,20.48506171195607N,106.34645500475075E
161,Hiệp Hòa District-669,0.9166967868804932,21.291782411061817N,105.97170813559445E
528,Vĩnh Long-58,0.915637731552124,10.232827803722659N,105.94732792022363E
21,Cao Lanh City-408,0.9143640398979188,10.435189004930317N,105.6632749157738E
404,Ninh Bình-140,0.9130902290344238,20.228052807850748N,105.9916872412553E
902,Chau Doc City-1240,0.9117396473884584,10.744293812492726N,105.09876538175307E
253,Hung Yen City-811,0.9117240309715272,20.701460679649237N,106.02880177456402E
252,Hung Yen City-811,0.9117240309715272,20.701460679649237N,106.02880177456402E
891,Cao Lanh City-980,0.9085881114006042,10.481002874867958N,105.64683206136746E
110,Hiệp Hòa District-1704,0.9084135293960572,21.351070948630156N,105.97749435372745E
273,Hung Yen City-373,0.9080314636230468,20.644867075606896N,106.05184297415371E
274,Hung Yen City-373,0.9080314636230468,20.644867075606896N,106.05184297415371E
836,Tam Điệp-412,0.9060001373291016,20.143949875449223N,105.87803669181591E
833,Tam Điệp-412,0.9060001373291016,20.143949875449223N,105.87803669181591E
168,Hiệp Hòa District-1852,0.903724491596222,21.359155749207655N,106.00063922625938E
504,Sa Đéc City-666,0.9026089906692504,10.362388810083774N,105.7244268031454E
794,Go Cong Town-194,0.9015102386474608,10.363050204909696N,106.6758524676256E
158,Hiệp Hòa District-392,0.9004648923873901,21.272917876380987N,105.97460124466096E
893,Cao Lanh City-635,0.8989668488502502,10.451358606084778N,105.64135110989872E
578,Go Cong Town-1033,0.8974696397781372,10.43850834363051N,106.65667226543519E
353,Thanh Liêm District-1064,0.8971320390701294,20.458530146047615N,105.97359543426047E
17,Cao Lanh City-818,0.8934254050254822,10.467528207239239N,105.62216777975802E
113,Hiệp Hòa District-2179,0.8804336786270142,21.386105084465992N,105.97460124466096E
114,Hiệp Hòa District-2179,0.8804336786270142,21.386105084465992N,105.97460124466096E
98,Ninh Bình-499,0.8789455890655518,20.268476810738072N,105.94860148041842E
816,Ninh Bình-499,0.8789455890655518,20.268476810738072N,105.94860148041842E
71,Cai Lậy Town-698,0.8773103356361389,10.414062840748926N,106.12380066850477E
506,Sa Đéc City-388,0.8752378225326538,10.316574940146145N,105.74908020691991E
29,Binh Minh Town-963,0.8715435266494751,10.085450010004697N,105.82963616598423E
499,Cao Lanh City-314,0.8704537153244019,10.429799137878831N,105.64135110989872E
439,Thái Bình-804,0.8640319108963013,20.49584144605937N,106.34070248992211E
40,Long Hồ District-1058,0.8634482622146606,10.199804174212684N,105.92905584698941E
753,Cai Lậy Town-418,0.8628314733505249,10.392503372542977N,106.17038356261381E
434,Thái Bình-510,0.8569619059562683,20.460807310223665N,106.35220751957938E
435,Thái Bình-510,0.8569619059562683,20.460807310223665N,106.35220751957938E
800,Go Cong Town-250,0.8525015115737915,10.368440071961182N,106.67859249650996E
881,Long Xuyen City-884,0.8397235870361328,10.385263075415502N,105.43858733573327E
869,Long Xuyen City-884,0.8397235870361328,10.385263075415502N,105.43858733573327E
3,Chau Doc City-616,0.8244565725326538,10.674225540823365N,105.0850528214343E
515,Sa Đéc City-129,0.8240090608596802,10.281540804311488N,105.7572980081781E
297,Duy Tiên District-1113,0.8115662336349487,20.659122713160837N,105.98784862174475E
128,Hiệp Hòa District-1633,0.8031579852104187,21.34837601510432N,105.91095284519815E
66,Mỹ Tho-667,0.8025716543197632,10.377219273688445N,106.30809221264012E
687,Bến Tre City-129,0.7966354489326477,10.211160804291389N,106.39540150263886E
686,Bến Tre City-129,0.7966354489326477,10.211160804291389N,106.39540150263886E
551,Long Hồ District-370,0.7953642010688782,10.162075104852295N,106.01394905427645E
112,Hiệp Hòa District-1886,0.7929913997650146,21.36185068273349N,105.97170813559445E
261,Hung Yen City-605,0.7900475263595581,20.674511344390982N,106.04896282420499E
260,Hung Yen City-605,0.7900475263595581,20.674511344390982N,106.04896282420499E
575,Cai Lậy Town-126,0.7855218648910522,10.373638837862776N,106.10461947681281E
861,Sa Đéc City-525,0.7759051322937012,10.338134408352087N,105.74360167274783E
842,Tam Điệp-686,0.774201512336731,20.160119476604144N,105.91248661391052E
394,Hoa Lư District-994,0.7661575078964233,20.292314447720084N,105.9104930682699E
285,Hung Yen City-267,0.7606401443481445,20.634087341503598N,106.07776432369208E
284,Hung Yen City-267,0.7606401443481445,20.634087341503598N,106.07776432369208E
355,Thanh Liêm District-499,0.7563707828521729,20.426190943737737N,105.94195818304013E
243,Yên Mỹ District-324,0.7562358379364014,20.87474954215463N,106.05945353187091E
224,Yên Mỹ District-957,0.7511932849884033,20.917868478567893N,106.05656888912849E
225,Yên Mỹ District-957,0.7511932849884033,20.917868478567893N,106.05656888912849E
102,Tam Điệp-355,0.7460125684738159,20.13856000839758N,105.93258240179902E
646,Vĩnh Long-358,0.744383692741394,10.254387271928598N,105.97471455560544E
645,Vĩnh Long-358,0.744383692741394,10.254387271928598N,105.97471455560544E
412,Hoa Lư District-584,0.7421877384185791,20.243805644255286N,105.93634534778548E
411,Hoa Lư District-584,0.7421877384185791,20.243805644255286N,105.93634534778548E
757,Mỹ Tho-63,0.7399873733520508,10.331405403750816N,106.31631105769615E
62,Mỹ Tho-63,0.7399873733520508,10.331405403750816N,106.31631105769615E
628,Vĩnh Long-425,0.7366076707839966,10.259777138980082N,105.91994128484181E
483,Cao Lanh City-775,0.7354733347892761,10.464833273713497N,105.58654159521102E
917,Tây Ninh City-1549,0.7328982353210449,11.420238245636884N,106.11688134011376E
791,Go Cong Town-997,0.7286960482597351,10.435813410104764N,106.65941229431952E
146,Hiệp Hòa District-618,0.7053090333938599,21.28908747753599N,105.9283114995971E
662,Long Hồ District-1966,0.6985238790512085,10.2833471135107N,106.01668754483413E
780,Mỹ Tho-406,0.6981567144393921,10.358354739008243N,106.34918643792035E
431,Thái Bình-471,0.6897295117378235,20.458112376697834N,106.32632120285044E
432,Thái Bình-471,0.6897295117378235,20.458112376697834N,106.32632120285044E
523,Binh Minh Town-500,0.6852408647537231,10.039636140067094N,105.87616348772275E
134,Hiệp Hòa District-1291,0.6809983849525452,21.329511480423488N,105.95724259026198E
219,Mỹ Hào District-600,0.6775565147399902,20.941970810950647N,106.07044857027465E
848,Sa Đéc City-188,0.6769266128540039,10.289625604888718N,105.7572980081781E
22,Sa Đéc City-188,0.6769266128540039,10.289625604888718N,105.7572980081781E
898,Chau Doc City-742,0.6587463617324829,10.682310341400596N,105.06311272492431E
587,Tây Ninh City-974,0.6562298536300659,11.379814242750655N,106.08114643578169E
653,Vĩnh Long-278,0.6434614062309265,10.248997404877112N,105.98293054622E
654,Vĩnh Long-278,0.6434614062309265,10.248997404877112N,105.98293054622E
457,Chau Doc City-1086,0.634969174861908,10.703869809606557N,105.13716055064552E
452,Chau Doc City-1155,0.6307255029678345,10.711954610183792N,105.11522045413554E
824,Ninh Bình-134,0.6265091896057129,20.228052807850748N,105.97445293692057E
294,Duy Tiên District-777,0.6256662011146545,20.640258178480057N,105.99648745055771E
552,Long Hồ District-814,0.6131160259246826,10.183634573058232N,106.00299509204586E
339,Phu Ly City-193,0.597102165222168,20.520855208517812N,105.97037116823535E
54,Go Cong Town-555,0.5911517143249512,10.400779274270102N,106.6758524676256E
25,Binh Minh Town-780,0.5825942754745483,10.066585475324505N,105.79953025191811E
311,Duy Tiên District-893,0.5696648359298706,20.648342979057535N,105.90146033361509E
310,Duy Tiên District-893,0.5696648359298706,20.648342979057535N,105.90146033361509E
87,Bac Giang City-475,0.5691676139831543,21.280699744008338N,106.19094610501479E
944,Bac Giang City-475,0.5691676139831543,21.280699744008338N,106.19094610501479E
819,Ninh Bình-423,0.5626087188720703,20.257697076634788N,105.96870816880897E
618,Phu Ly City-428,0.5586807727813721,20.537024809672765N,105.93007974191856E
712,Trà Vinh City-472,0.5507445335388184,9.963438508245146N,106.33997394682622E
573,Cai Lậy Town-588,0.5470950603485107,10.405978040171693N,106.11009981729622E
601,Yên Mỹ District-506,0.5447869896888733,20.88822420978376N,105.98445282056811E
246,Yên Mỹ District-506,0.5447869896888733,20.88822420978376N,105.98445282056811E
600,Yên Mỹ District-506,0.5447869896888733,20.88822420978376N,105.98445282056811E
216,Mỹ Hào District-349,0.5400099754333496,20.92310627626985N,106.09353038969671E
215,Mỹ Hào District-349,0.5400099754333496,20.92310627626985N,106.09353038969671E
231,Yên Mỹ District-562,0.5349805355072021,20.89091914330959N,106.02195317621951E
232,Yên Mỹ District-562,0.5349805355072021,20.89091914330959N,106.02195317621951E
28,Binh Minh Town-836,0.5342916250228882,10.071975342375989N,105.81595165959052E
186,Bac Giang City-483,0.5309234857559204,21.280699744008338N,106.21408142159298E
533,Long Hồ District-2033,0.525047779083252,10.288736980562188N,105.99204112981529E
241,Yên Mỹ District-154,0.5219107270240784,20.861274874525485N,106.06522281735575E
240,Yên Mỹ District-154,0.5219107270240784,20.861274874525485N,106.06522281735575E
469,Long Xuyen City-909,0.5157755613327026,10.387958008941244N,105.42214915978941E
204,Mỹ Hào District-166,0.5151598453521729,20.904241741589047N,106.12815311882974E
203,Mỹ Hào District-166,0.5151598453521729,20.904241741589047N,106.12815311882974E
518,Binh Minh Town-842,0.5110229253768921,10.071975342375989N,105.83237306726295E
519,Binh Minh Town-737,0.5091044306755066,10.061195608273021N,105.82142546214799E
136,Hiệp Hòa District-874,0.5085417032241821,21.305257078690985N,105.96013569932848E
447,Chau Doc City-884,0.5071958303451538,10.69039514197783N,105.09876538175307E
15,Long Xuyen City-435,0.4960758984088897,10.347534006055099N,105.45776520766776E
589,Tây Ninh City-1466,0.4907929301261902,11.412153445059635N,106.13612321167716E
745,Cai Lậy Town-709,0.4828494191169739,10.414062840748926N,106.15394254116356E
510,Sa Đéc City-271,0.4712460041046142,10.300405338991688N,105.75455874109204E
150,Hiệp Hòa District-40,0.4696633517742157,21.235188807019327N,105.94567015399605E
90,Bac Giang City-438,0.4652005434036255,21.278004810482507N,106.19672993415931E
801,Go Cong Town-73,0.464326798915863,10.349575537280982N,106.66489235208824E
706,Trà Vinh City-165,0.4575285613536834,9.914929704781805N,106.31261294901503E
715,Trà Vinh City-165,0.4575285613536834,9.914929704781805N,106.31261294901503E
720,Trà Vinh City-165,0.4575285613536834,9.914929704781805N,106.31261294901503E
75,Cai Lậy Town-669,0.443077951669693,10.411367907223182N,106.1375015197133E
896,Cao Lanh City-569,0.4422092139720917,10.44596873903329N,105.65505348857066E
897,Cao Lanh City-569,0.4422092139720917,10.44596873903329N,105.65505348857066E
356,Thanh Liêm District-455,0.4410990476608276,20.42349601021191N,105.93620595554552E
709,Trà Vinh City-290,0.4341829419136047,9.933794239461996N,106.33997394682622E
734,Trà Vinh City-290,0.4341829419136047,9.933794239461996N,106.33997394682622E
26,Binh Minh Town-804,0.4286102056503296,10.069280408850249N,105.79679335063939E
660,Long Hồ District-1120,0.4266711175441742,10.20249910773843N,106.00299509204586E
657,Long Hồ District-752,0.423833429813385,10.180939639532488N,105.98382565814235E
41,Long Hồ District-752,0.423833429813385,10.180939639532488N,105.98382565814235E
320,Duy Tiên District-424,0.4161944985389709,20.62139364379928N,105.9417748680756E
409,Hoa Lư District-82,0.410259872674942,20.195296840790512N,105.94496277429069E
334,Phu Ly City-505,0.408121258020401,20.54241467672441N,105.90417811071494E
199,Mỹ Hào District-575,0.3999249339103699,20.939275877424816N,106.11949743654648E
235,Yên Mỹ District-355,0.3935120105743408,20.877444475680456N,106.03349174718919E
236,Yên Mỹ District-355,0.3935120105743408,20.877444475680456N,106.03349174718919E
495,Cao Lanh City-758,0.3871709704399109,10.462138340187751N,105.62216777975802E
218,Mỹ Hào District-514,0.3813512921333313,20.936580943898992N,106.06467811541916E
459,Chau Doc City-727,0.3771532475948334,10.67961540787485N,105.14538808683676E
397,Hoa Lư District-1002,0.3756120800971985,20.292314447720084N,105.93347287228377E
570,Mỹ Tho-905,0.3628122210502624,10.393388874842904N,106.33822797784565E
571,Mỹ Tho-905,0.3628122210502624,10.393388874842904N,106.33822797784565E
78,Tây Ninh City-58,0.3611602187156677,11.304356104029708N,106.11138366252419E
918,Tây Ninh City-58,0.3611602187156677,11.304356104029708N,106.11138366252419E
291,Duy Tiên District-1257,0.3516884446144104,20.66720751373832N,106.02528354660092E
106,Ninh Bình-214,0.3467873334884643,20.23613760842822N,106.00604916153425E
135,Hiệp Hòa District-1011,0.346397191286087,21.313341879268485N,105.95145637212903E
939,Hiệp Hòa District-1801,0.3425955176353454,21.356460815681825N,105.98328057186043E
870,Long Xuyen City-816,0.3404783606529236,10.37987320836402N,105.4413270317239E
9,Long Xuyen City-816,0.3404783606529236,10.37987320836402N,105.4413270317239E
400,Ninh Bình-522,0.3162019848823547,20.27117174426389N,105.96296340069738E
89,Bac Giang City-443,0.3140576779842376,21.278004810482507N,106.21118950702068E
703,Trà Vinh City-161,0.313969075679779,9.914929704781805N,106.30166854989055E
537,Long Hồ District-1886,0.3082181811332702,10.277957246459216N,106.00847207316117E
489,Cao Lanh City-1031,0.3018568456172943,10.486392741919442N,105.60024397388295E
80,Tây Ninh City-185,0.2994168400764465,11.317830771658448N,106.12787669529285E
377,Thanh Liêm District-1280,0.2940532267093658,20.472004813676733N,105.91894927306168E
177,Bac Giang City-351,0.2866176962852478,21.27261494343084N,106.14178355728613E
152,Hiệp Hòa District-89,0.2815539836883545,21.240578674070996N,105.97170813559445E
805,Ninh Bình-422,0.2814580202102661,20.257697076634788N,105.96583578475317E
467,Long Xuyen City-880,0.2772924900054931,10.385263075415502N,105.4276285517707E
263,Hung Yen City-589,0.2725273966789245,20.671816410865148N,106.06336357394854E
616,Phu Ly City-214,0.2710757255554199,20.52355014204364N,105.92144586485068E
922,Tây Ninh City-388,0.2693670392036438,11.336695306338685N,106.12237901770331E
352,Thanh Liêm District-1062,0.2686033844947815,20.458530146047615N,105.96784320676586E
943,Bac Giang City-554,0.2657194137573242,21.286089611060007N,106.1996218487316E
525,Long Hồ District-802,0.2647193074226379,10.183634573058232N,105.9701332053541E
244,Yên Mỹ District-363,0.2643487453460693,20.877444475680456N,106.05656888912849E
383,Thanh Liêm District-1293,0.2627128362655639,20.472004813676733N,105.95633875177664E
779,Mỹ Tho-160,0.2495825886726379,10.34218513785379N,106.31631105769615E
359,Thanh Liêm District-375,0.2487223446369171,20.418106143160266N,105.91319704556706E
360,Thanh Liêm District-375,0.2487223446369171,20.418106143160266N,105.91319704556706E
872,Long Xuyen City-718,0.2483807355165481,10.371788407786786N,105.44954611969584E
12,Long Xuyen City-718,0.2483807355165481,10.371788407786786N,105.44954611969584E
127,Hiệp Hòa District-1911,0.2458800971508026,21.364545616259328N,105.9225252814641E
520,Binh Minh Town-95,0.2269698232412338,10.00190707070671N,105.87890038900149E
267,Hung Yen City-529,0.2239168286323547,20.663731610287673N,106.0604834239998E
496,Cao Lanh City-725,0.2233733087778091,10.45944340666201N,105.61668682828926E
448,Chau Doc City-754,0.2181585878133773,10.682310341400596N,105.0960228696893E
154,Hiệp Hòa District-254,0.2134845554828643,21.262138142277657N,105.97460124466096E
403,Ninh Bình-229,0.2103988230228424,20.238832541954036N,105.97158055286475E
818,Ninh Bình-229,0.2103988230228424,20.238832541954036N,105.97158055286475E
104,Tam Điệp-1120,0.2046950757503509,20.184373878336533N,105.88664917233955E
371,Thanh Liêm District-1761,0.1972976326942443,20.501649082460798N,105.89881647683056E
445,Thái Bình-193,0.1871931552886963,20.433857974965427N,106.38384635113702E
477,Long Xuyen City-248,0.186928316950798,10.331364404900643N,105.45776520766776E
76,Cai Lậy Town-631,0.1855464577674865,10.40867297369744N,106.12928100898819E
56,Go Cong Town-609,0.176411360502243,10.406169141321588N,106.67037240985691E
7,Chau Doc City-1196,0.1746820211410522,10.722734344286769N,105.10973543000804E
915,Tây Ninh City-37,0.1646968126296997,11.30166117050396N,106.10863482372945E
100,Ninh Bình-400,0.1644332110881805,20.255002143108964N,105.97445293692057E
610,Phu Ly City-548,0.1564787030220031,20.54510961025024N,105.91568994680544E
597,Phu Ly City-1014,0.1548716723918914,20.582838679611783N,105.9531034140996E
889,Cao Lanh City-668,0.1525773108005523,10.454053539610522N,105.63587015842995E
99,Ninh Bình-572,0.1518206894397735,20.279256544841353N,105.9600910166416E
808,Ninh Bình-572,0.1518206894397735,20.279256544841353N,105.9600910166416E
368,Thanh Liêm District-1416,0.1495139449834823,20.48008961425421N,105.89594036308324E
835,Tam Điệp-584,0.1495108008384704,20.1547296095525N,105.89813247970444E
462,Chau Doc City-399,0.1476330161094665,10.660750873194642N,105.05214267666935E
665,Bến Tre City-752,0.1456660032272339,10.262364541280496N,106.35158502396443E
33,Long Hồ District-439,0.1406427174806594,10.16746497190378N,105.89893245085528E
179,Bac Giang City-468,0.1402120441198349,21.280699744008338N,106.17070270300889E
302,Duy Tiên District-1204,0.1386413127183914,20.6645125802125N,105.99072823134907E
626,Vĩnh Long-534,0.137577623128891,10.267861939557308N,105.90898663068909E
804,Thái Bình-311,0.1336077898740768,20.44463770906872N,106.33207371767911E
419,Thái Bình-209,0.1324062347412109,20.436552908491254N,106.33207371767911E
418,Thái Bình-209,0.1324062347412109,20.436552908491254N,106.33207371767911E
369,Thanh Liêm District-1415,0.1265861392021179,20.48008961425421N,105.89306424933591E
223,Yên Mỹ District-1038,0.1259005814790725,20.925953279145364N,106.04503031815884E
222,Yên Mỹ District-1038,0.1259005814790725,20.925953279145364N,106.04503031815884E
361,Thanh Liêm District-116,0.1246685460209846,20.391156807902036N,105.91032093181974E
546,Long Hồ District-1394,0.1232544183731079,10.22675350947011N,105.94274829977763E
547,Long Hồ District-1394,0.1232544183731079,10.22675350947011N,105.94274829977763E
841,Tam Điệp-466,0.1226944103837013,20.146644808975044N,105.9239699212754E
516,Binh Minh Town-970,0.1221356689929962,10.085450010004697N,105.84879447493539E
550,Long Hồ District-213,0.1221344396471977,10.15399030427507N,106.02490301650705E
549,Long Hồ District-213,0.1221344396471977,10.15399030427507N,106.02490301650705E
8,Chau Doc City-982,0.1204310357570648,10.69578500902932N,105.14813059890051E
266,Hung Yen City-566,0.117825724184513,20.669121477339324N,106.05760327405113E
49,Long Hồ District-1547,0.1170296669006347,10.240228177098823N,105.98930263925763E
744,Cai Lậy Town-563,0.1117491871118545,10.403283106645949N,106.14024168995502E
480,Cao Lanh City-178,0.1101056784391403,10.4217143373016N,105.61668682828926E
309,Duy Tiên District-942,0.108109250664711,20.651037912583362N,105.90146033361509E
669,Bến Tre City-310,0.1073368713259697,10.230025338971585N,106.37075473338447E
401,Ninh Bình-252,0.1043766736984252,20.241527475479863N,105.95434624853E
668,Bến Tre City-120,0.1003327071666717,10.211160804291389N,106.37075473338447E
695,Bến Tre City-120,0.1003327071666717,10.211160804291389N,106.37075473338447E
688,Bến Tre City-120,0.1003327071666717,10.211160804291389N,106.37075473338447E
785,Go Cong Town-945,0.0996278375387191,10.433118476579022N,106.62653194770735E
927,Tây Ninh City-592,0.0986996591091156,11.352864907493174N,106.14711856685626E
455,Chau Doc City-974,0.0983829498291015,10.69578500902932N,105.12619050239051E
884,Cao Lanh City-695,0.0972800999879837,10.456748473136265N,105.62216777975802E
710,Trà Vinh City-452,0.0952282696962356,9.960743574719407N,106.34544614638844E
6,Chau Doc City-1197,0.0927044972777366,10.722734344286769N,105.11247794207179E
329,Phu Ly City-962,0.0890775918960571,20.577448812560128N,105.94734749605432E
697,Trà Vinh City-234,0.0862471833825111,9.923014505359031N,106.3372378470451E
863,Long Xuyen City-876,0.0851989984512329,10.385263075415502N,105.41666976780813E
619,Phu Ly City-666,0.0836698338389396,20.55319441082771N,105.9329577009412E
156,Hiệp Hòa District-384,0.0832435339689254,21.272917876380987N,105.95145637212903E
157,Hiệp Hòa District-384,0.0832435339689254,21.272917876380987N,105.95145637212903E
312,Duy Tiên District-509,0.0812924429774284,20.62678351085093N,105.91585838163671E
569,Mỹ Tho-320,0.0812344253063201,10.35296487195676N,106.33274874780828E
765,Mỹ Tho-320,0.0812344253063201,10.35296487195676N,106.33274874780828E
173,Bac Giang City-167,0.0809325575828552,21.25375040875001N,106.1764865321534E
449,Chau Doc City-1171,0.079543262720108,10.714649543709534N,105.11796296619927E
155,Hiệp Hòa District-205,0.0792703479528427,21.256748275225995N,105.96881502652796E
181,Bac Giang City-767,0.0784407258033752,21.304954145740837N,106.17359461758113E
160,Hiệp Hòa District-672,0.0780273675918579,21.291782411061817N,105.98038746279394E
478,Cao Lanh City-343,0.0776186883449554,10.432494071404575N,105.60298444961734E
639,Vĩnh Long-311,0.0769642665982246,10.251692338402854N,105.96102123791452E
640,Vĩnh Long-311,0.0769642665982246,10.251692338402854N,105.96102123791452E
53,Go Cong Town-994,0.0761251077055931,10.435813410104764N,106.65119220766648E
627,Vĩnh Long-176,0.0760644227266311,10.243607537825628N,105.91994128484181E
741,Cai Lậy Town-481,0.0749373286962509,10.397893239594463N,106.12106049826308E
255,Hung Yen City-822,0.0745097324252128,20.701460679649237N,106.0604834239998E
256,Hung Yen City-822,0.0745097324252128,20.701460679649237N,106.0604834239998E
140,Hiệp Hòa District-736,0.0720035433769226,21.297172278113482N,105.93409771773007E
443,Thái Bình-254,0.0716995373368263,20.43924784201707N,106.36371254923672E
748,Cai Lậy Town-294,0.070933498442173,10.384418571965746N,106.16764339237213E
482,Cao Lanh City-619,0.0707997828722,10.451358606084778N,105.59750349814857E
366,Thanh Liêm District-1036,0.0705123990774154,20.458530146047615N,105.89306424933591E
194,Mỹ Hào District-591,0.0701536610722541,20.941970810950647N,106.04448152342489E
195,Mỹ Hào District-591,0.0701536610722541,20.941970810950647N,106.04448152342489E
749,Cai Lậy Town-710,0.0700762718915939,10.414062840748926N,106.15668271140524E
395,Hoa Lư District-993,0.0690174177289009,20.292314447720084N,105.90762059276817E
827,Ninh Bình-95,0.0676551759243011,20.22266294079912N,105.97158055286475E
541,Long Hồ District-1317,0.0675403922796249,10.218668708892883N,105.99751811093057E
517,Binh Minh Town-802,0.0673549845814704,10.066585475324505N,105.8597420800503E
287,Hung Yen City-334,0.0673528760671615,20.639477208555242N,106.08928492348691E
730,Trà Vinh City-553,0.0672548711299896,9.971523308822372N,106.35365444573176E
731,Trà Vinh City-553,0.0672548711299896,9.971523308822372N,106.35365444573176E
51,Trà Vinh City-553,0.0672548711299896,9.971523308822372N,106.35365444573176E
292,Duy Tiên District-835,0.0667794048786163,20.64295311200589N,106.01952432739228E
700,Trà Vinh City-630,0.0664273351430893,9.979608109399596N,106.33176564748287E
490,Cao Lanh City-928,0.0659696608781814,10.478307941342212N,105.59476302241417E
74,Cai Lậy Town-639,0.0654684156179428,10.40867297369744N,106.15120237092184E
724,Trà Vinh City-275,0.0653262585401535,9.93109930593625N,106.33176564748287E
86,Thái Bình-347,0.0650177672505378,20.447332642594546N,106.33782623250777E
735,Cai Lậy Town-349,0.0649652928113937,10.389808439017235N,106.09365879584597E
832,Tam Điệp-743,0.0635286718606948,20.162814410129968N,105.92684074811658E
866,Mỹ Tho-124,0.0633247047662735,10.339490204328046N,106.31357144267747E
70,Cai Lậy Town-391,0.0628756955265998,10.392503372542977N,106.09639896608768E
540,Long Hồ District-1382,0.0626600980758667,10.224058575944365N,106.00025660148823E
708,Trà Vinh City-224,0.0624631009995937,9.923014505359031N,106.30987684923393E
629,Long Hồ District-338,0.0620015114545822,10.162075104852295N,105.9235788658741E
854,Sa Đéc City-194,0.0618718229234218,10.289625604888718N,105.77373361069444E
557,Trà Vinh City-379,0.0618653148412704,9.952658774142183N,106.32082124835837E
486,Cao Lanh City-1060,0.0616420283913612,10.48908767544519N,105.58654159521102E
485,Cao Lanh City-1060,0.0616420283913612,10.48908767544519N,105.58654159521102E
642,Vĩnh Long-124,0.0616178214550018,10.238217670774144N,105.9692372285291E
103,Tam Điệp-456,0.0614434108138084,20.146644808975044N,105.89526165286318E
751,Cai Lậy Town-422,0.0612133331596851,10.392503372542977N,106.18134424358063E
783,Mỹ Tho-697,0.0608179531991481,10.377219273688445N,106.39028066320061E
426,Thái Bình-383,0.060549184679985,20.450027576120366N,106.34357874733641E
83,Thái Bình-383,0.060549184679985,20.450027576120366N,106.34357874733641E
396,Hoa Lư District-1001,0.0599990859627723,20.292314447720084N,105.93060039678204E
602,Yên Mỹ District-907,0.0597176626324653,20.915173545042055N,106.004645319765E
553,Long Hồ District-357,0.0584628283977508,10.162075104852295N,105.97834867702704E
279,Hung Yen City-324,0.0583961233496665,20.639477208555242N,106.0604834239998E
280,Hung Yen City-324,0.0583961233496665,20.639477208555242N,106.0604834239998E
131,Hiệp Hòa District-1642,0.0583068579435348,21.34837601510432N,105.93699082679657E
727,Trà Vinh City-91,0.0581092685461044,9.904149970678844N,106.34271004660732E
707,Trà Vinh City-91,0.0581092685461044,9.904149970678844N,106.34271004660732E
810,Ninh Bình-143,0.0580497831106185,20.228052807850748N,106.0003043934227E
543,Long Hồ District-1376,0.0566956363618373,10.224058575944365N,105.98382565814235E
630,Vĩnh Long-542,0.0565170571208,10.267861939557308N,105.93089593899454E
611,Phu Ly City-510,0.0564318224787712,20.54241467672441N,105.91856790582808E
178,Bac Giang City-467,0.0559261813759803,21.280699744008338N,106.1678107884366E
286,Hung Yen City-240,0.0556588992476463,20.63139240797777N,106.09504522338432E
405,Hoa Lư District-394,0.055544801056385,20.222246176048728N,105.95358020079591E
932,Tây Ninh City-477,0.0552166998386383,11.34478010691593N,106.11138366252419E
81,Tây Ninh City-447,0.0551680251955986,11.342085173390178N,106.11688134011376E
742,Cai Lậy Town-1311,0.0549171678721904,10.459876710686562N,106.12380066850477E
463,Long Xuyen City-1275,0.0548150539398193,10.425687078301653N,105.40297128785494E
348,Thanh Liêm District-1781,0.0546098873019218,20.501649082460798N,105.96496709301853E
208,Mỹ Hào District-65,0.053982026875019,20.89346200748573N,106.09930084455222E
207,Mỹ Hào District-65,0.053982026875019,20.89346200748573N,106.09930084455222E
758,Mỹ Tho-68,0.0539315715432167,10.331405403750816N,106.33000913278958E
183,Bac Giang City-625,0.0538004599511623,21.291479478111672N,106.20829759244845E
508,Sa Đéc City-402,0.0534602850675582,10.319269873671885N,105.73538387148966E
812,Ninh Bình-427,0.0532063283026218,20.257697076634788N,105.98019770503211E
238,Yên Mỹ District-167,0.0531594567000865,20.863969808051312N,106.02483781896193E
237,Yên Mỹ District-167,0.0531594567000865,20.863969808051312N,106.02483781896193E
137,Hiệp Hòa District-549,0.0530489534139633,21.283697610484317N,105.95724259026198E
210,Mỹ Hào District-292,0.053022563457489,20.917716409218183N,106.11084175426323E
111,Hiệp Hòa District-1843,0.0529896058142185,21.359155749207655N,105.97460124466096E
933,Tây Ninh City-97,0.0528079122304916,11.309745971081202N,106.08664411337125E
940,Hiệp Hòa District-524,0.0525990352034568,21.281002676958487N,106.00353233532584E
68,Cai Lậy Town-245,0.0522458553314209,10.381723638440002N,106.1375015197133E
0,Chau Doc City-569,0.0522337146103382,10.67153060729762N,105.0740827731793E
899,Chau Doc City-569,0.0522337146103382,10.67153060729762N,105.0740827731793E
536,Long Hồ District-2215,0.0522055104374885,10.302211648190902N,106.0112105637188E
643,Vĩnh Long-234,0.0521598942577838,10.24630247135137N,105.9692372285291E
82,Tây Ninh City-1356,0.052082672715187,11.404068644482393N,106.11688134011376E
924,Tây Ninh City-1205,0.0518373101949691,11.393288910379397N,106.13062553408761E
576,Go Cong Town-824,0.0515414364635944,10.425033676001789N,106.62653194770735E
672,Bến Tre City-346,0.0512517876923084,10.23272027249733N,106.37897032313595E
691,Bến Tre City-305,0.051117829978466,10.230025338971585N,106.3570620837987E
593,Tây Ninh City-389,0.0508634932339191,11.336695306338685N,106.12512785649804E
503,Cao Lanh City-283,0.0508462376892566,10.427104204353089N,105.67423681871132E
774,Mỹ Tho-298,0.0507352352142334,10.350269938431014N,106.38480143316325E
257,Hung Yen City-717,0.0506571903824806,20.687986012020108N,106.0604834239998E
52,Bến Tre City-778,0.0506529547274112,10.265059474806238N,106.3461079641301E
293,Duy Tiên District-836,0.0505482777953147,20.64295311200589N,106.0224039369966E
406,Hoa Lư District-425,0.050541877746582,20.22494110957454N,105.95358020079591E
118,Hiệp Hòa District-2295,0.0505372360348701,21.396884818569333N,105.99195989905994E
738,Cai Lậy Town-1664,0.0502018705010414,10.494910846521229N,106.09365879584597E
737,Cai Lậy Town-1664,0.0502018705010414,10.494910846521229N,106.09365879584597E
736,Cai Lậy Town-1664,0.0502018705010414,10.494910846521229N,106.09365879584597E
845,Sa Đéc City-348,0.0501611083745956,10.31118507309466N,105.74634093983386E
846,Sa Đéc City-348,0.0501611083745956,10.31118507309466N,105.74634093983386E
464,Long Xuyen City-1024,0.0499235987663269,10.398737743044219N,105.41393007181749E
873,Long Xuyen City-436,0.0498607531189918,10.347534006055099N,105.4605049036584E
674,Bến Tre City-385,0.0497739166021347,10.235415206023072N,106.38718591288739E
797,Go Cong Town-223,0.0497551634907722,10.365745138435436N,106.67859249650996E
18,Cao Lanh City-979,0.0496733300387859,10.481002874867958N,105.6440915856331E
693,Bến Tre City-724,0.0496572516858577,10.259669607754754N,106.35980061371586E
290,Duy Tiên District-1447,0.0496405810117721,20.6860720484191N,106.01376510818362E
722,Trà Vinh City-248,0.0493510514497756,9.925709438884772N,106.33176564748287E
577,Go Cong Town-1165,0.0492965579032897,10.457372878310714N,106.64023209212911E
584,Tây Ninh City-221,0.0492138862609863,11.323220638709945N,106.07839759698692E
245,Yên Mỹ District-471,0.0491614267230033,20.885529276257937N,106.004645319765E
864,Long Xuyen City-968,0.0490888357162475,10.39334787599273N,105.41666976780813E
55,Go Cong Town-557,0.0490634329617023,10.400779274270102N,106.68133252539432E
694,Bến Tre City-430,0.0490286722779274,10.238110139548812N,106.40635562230747E
37,Long Hồ District-678,0.0489976927638053,10.178244706006748N,105.9345328281047E
283,Hung Yen City-107,0.0489065796136856,20.62061267387446N,106.08064447364077E
773,Mỹ Tho-337,0.0488984435796737,10.35296487195676N,106.37932220312587E
907,Tây Ninh City-312,0.0487725213170051,11.331305439287188N,106.08114643578169E
612,Phu Ly City-424,0.0487439334392547,20.537024809672765N,105.91856790582808E
398,Hoa Lư District-939,0.0486578121781349,20.286924580668437N,105.95358020079591E
615,Phu Ly City-175,0.0486358106136322,20.520855208517812N,105.91856790582808E
850,Sa Đéc City-229,0.0484493933618068,10.295015471940204N,105.7572980081781E
851,Sa Đéc City-229,0.0484493933618068,10.295015471940204N,105.7572980081781E
936,Tây Ninh City-7,0.0482723377645015,11.296271303452464N,106.10588598493464E
844,Sa Đéc City-347,0.0482404381036758,10.31118507309466N,105.74360167274783E
148,Hiệp Hòa District-137,0.0481922328472137,21.24866347464849N,105.94277704492954E
402,Ninh Bình-174,0.0481849759817123,20.233442674902392N,105.9600910166416E
795,Go Cong Town-583,0.0480539388954639,10.403474207795846N,106.6758524676256E
277,Hung Yen City-376,0.0480380170047283,20.644867075606896N,106.0604834239998E
175,Bac Giang City-359,0.0478909611701965,21.27261494343084N,106.16491887386432E
174,Bac Giang City-359,0.0478909611701965,21.27261494343084N,106.16491887386432E
572,Mỹ Tho-936,0.0476752892136573,10.39608380836865N,106.3272695177709E
655,Long Hồ District-1499,0.0476443767547607,10.234838310047335N,105.98930263925763E
301,Duy Tiên District-452,0.047622662037611,20.62139364379928N,106.02816315620521E
332,Phu Ly City-624,0.0475740209221839,20.550499477301887N,105.91568994680544E
788,Go Cong Town-911,0.0473836213350296,10.430423543053276N,106.64297212101346E
559,Trà Vinh City-349,0.0473157316446304,9.947268907090702N,106.33176564748287E
214,Mỹ Hào District-314,0.0471961833536624,20.92041134274402N,106.08487470741343E
648,Vĩnh Long-317,0.0470840260386467,10.251692338402854N,105.97745321914361E
299,Duy Tiên District-591,0.0467645749449729,20.629478444376755N,106.01088549857933E
42,Vĩnh Long-37,0.0466545037925243,10.230132870196918N,105.95554391083817E
635,Vĩnh Long-37,0.0466545037925243,10.230132870196918N,105.95554391083817E
465,Long Xuyen City-946,0.0465967841446399,10.390652942466986N,105.43858733573327E
929,Tây Ninh City-198,0.0465641394257545,11.320525705184194N,106.09214179096081E
934,Tây Ninh City-198,0.0465641394257545,11.320525705184194N,106.09214179096081E
313,Duy Tiên District-464,0.0465594418346881,20.624088577325107N,105.92161760084535E
63,Mỹ Tho-450,0.0465204715728759,10.361049672533989N,106.3601448979951E
512,Sa Đéc City-296,0.0462489947676658,10.303100272517428N,105.76551580943627E
239,Yên Mỹ District-205,0.04621072858572,20.866664741577143N,106.03637638993158E
690,Bến Tre City-764,0.0460938066244125,10.262364541280496N,106.38444738297022E
425,Thái Bình-352,0.0459525808691978,20.447332642594546N,106.35220751957938E
762,Mỹ Tho-759,0.0457725226879119,10.38260914073993N,106.35192605293904E
667,Bến Tre City-443,0.0457338169217109,10.240805073074556N,106.33515384446149E
878,Long Xuyen City-195,0.0457161962985992,10.325974537849158N,105.48516216757416E
877,Long Xuyen City-195,0.0457161962985992,10.325974537849158N,105.48516216757416E
911,Tây Ninh City-127,0.0457090437412261,11.312440904606953N,106.1031371461399E
689,Bến Tre City-423,0.0456359535455703,10.238110139548812N,106.38718591288739E
673,Bến Tre City-423,0.0456359535455703,10.238110139548812N,106.38718591288739E
227,Yên Mỹ District-614,0.0455288365483284,20.893614076835426N,106.04791496090124E
182,Bac Giang City-621,0.0454960092902183,21.291479478111672N,106.19672993415931E
750,Cai Lậy Town-253,0.0454835295677185,10.381723638440002N,106.15942288164696E
781,Mỹ Tho-579,0.045480877161026,10.369134473111218N,106.38480143316325E
806,Ninh Bình-345,0.0454127267003059,20.24961227605732N,105.97158055286475E
817,Ninh Bình-345,0.0454127267003059,20.24961227605732N,105.97158055286475E
652,Vĩnh Long-160,0.0453933179378509,10.240912604299886N,105.9801918826818E
650,Vĩnh Long-160,0.0453933179378509,10.240912604299886N,105.9801918826818E
651,Vĩnh Long-160,0.0453933179378509,10.240912604299886N,105.9801918826818E
930,Tây Ninh City-75,0.04534712433815,11.307051037555455N,106.09214179096081E
564,Mỹ Tho-335,0.045239869505167,10.35296487195676N,106.37384297308851E
728,Trà Vinh City-27,0.0450983047485351,9.893370236575882N,106.34271004660732E
714,Trà Vinh City-27,0.0450983047485351,9.893370236575882N,106.34271004660732E
717,Trà Vinh City-676,0.0450751855969429,9.984997976451076N,106.31261294901503E
912,Tây Ninh City-151,0.0450533106923103,11.315135838132703N,106.10588598493464E
196,Yên Mỹ District-1108,0.0450090989470481,20.936733013248684N,106.04503031815884E
585,Tây Ninh City-504,0.0449901260435581,11.347475040441676N,106.09489062975555E
461,Chau Doc City-101,0.0449424013495445,10.631106604411451N,105.09876538175307E
484,Cao Lanh City-990,0.0448827892541885,10.4836978083937N,105.58106064374226E
16,Long Xuyen City-139,0.0448700338602066,10.320584670797672N,105.48242247158353E
679,Bến Tre City-340,0.0448448732495307,10.23272027249733N,106.36253914363303E
793,Go Cong Town-193,0.0447569005191326,10.363050204909696N,106.67311243874127E
903,Chau Doc City-1044,0.0446429997682571,10.701174876080813N,105.11522045413554E
921,Tây Ninh City-84,0.0446058735251426,11.307051037555455N,106.11688134011376E
85,Thái Bình-381,0.0446000397205352,20.450027576120366N,106.33782623250777E
288,Hung Yen City-305,0.0445550456643104,20.63678227502942N,106.09504522338432E
558,Trà Vinh City-363,0.0444324165582656,9.949963840616443N,106.32629344792062E
497,Cao Lanh City-626,0.0443543940782547,10.451358606084778N,105.61668682828926E
637,Vĩnh Long-271,0.0443524047732353,10.248997404877112N,105.96375990145272E
476,Long Xuyen City-693,0.0442722961306571,10.371788407786786N,105.38105371992982E
319,Duy Tiên District-304,0.0442324429750442,20.61061390969598N,105.97920979293177E
919,Tây Ninh City-420,0.0442118756473064,11.339390239864434N,106.12787669529285E
481,Cao Lanh City-470,0.0441963262856006,10.440578871981804N,105.60572492535172E
670,Bến Tre City-379,0.0441600903868675,10.235415206023072N,106.37075473338447E
622,Phu Ly City-549,0.0441467240452766,20.54510961025024N,105.91856790582808E
885,Cao Lanh City-848,0.0441456884145736,10.470223140764984N,105.6249082554924E
883,Long Xuyen City-1081,0.044044479727745,10.404127610095701N,105.41940946379876E
47,Vĩnh Long-274,0.0439506769180297,10.248997404877112N,105.97197589206726E
704,Trà Vinh City-328,0.043945588171482,9.941879040039218N,106.34544614638844E
925,Tây Ninh City-156,0.043935265392065,11.315135838132703N,106.11963017890854E
545,Long Hồ District-1139,0.0438425168395042,10.205194041264168N,105.96191773368116E
761,Mỹ Tho-791,0.0437793992459774,10.385304074265676N,106.33548836282696E
813,Ninh Bình-371,0.0437395572662353,20.252307209583137N,105.96583578475317E
811,Ninh Bình-371,0.0437395572662353,20.252307209583137N,105.96583578475317E
79,Tây Ninh City-38,0.0437259301543235,11.30166117050396N,106.11138366252419E
887,Cao Lanh City-788,0.0436899438500404,10.464833273713497N,105.62216777975802E
909,Tây Ninh City-200,0.0436106845736503,11.320525705184194N,106.09763946855034E
88,Bac Giang City-371,0.0435115210711956,21.27261494343084N,106.1996218487316E
829,Tam Điệp-1147,0.043500579893589,20.18706881186235N,105.8809075186571E
468,Long Xuyen City-879,0.0434252470731735,10.385263075415502N,105.42488885578004E
212,Mỹ Hào District-378,0.0433178506791591,20.925801209795672N,106.08487470741343E
682,Bến Tre City-660,0.0432732105255126,10.254279740703268N,106.37349326330161E
705,Trà Vinh City-262,0.043268583714962,9.92840437241051N,106.33176564748287E
321,Duy Tiên District-569,0.0431923605501651,20.629478444376755N,105.94753408728424E
711,Trà Vinh City-289,0.0431426540017128,9.933794239461996N,106.3372378470451E
57,Go Cong Town-143,0.0431272909045219,10.357660337858213N,106.68133252539432E
441,Thái Bình-796,0.0431045778095722,20.49314651253355N,106.36371254923672E
440,Thái Bình-796,0.0431045778095722,20.49314651253355N,106.36371254923672E
649,Vĩnh Long-402,0.043062787503004,10.257082205454338N,105.97745321914361E
770,Mỹ Tho-452,0.0430621691048145,10.361049672533989N,106.36562412803248E
95,Phu Ly City-429,0.0430454388260841,20.537024809672765N,105.9329577009412E
923,Tây Ninh City-136,0.0430155172944068,11.312440904606953N,106.12787669529285E
764,Mỹ Tho-528,0.0430013239383697,10.366439539585475N,106.35466566795775E
539,Long Hồ District-1625,0.0429863557219505,10.253702844727535N,106.0112105637188E
843,Tam Điệp-214,0.0429670289158821,20.1277802742943N,105.95267818968753E
582,Tây Ninh City-53,0.0429544597864151,11.304356104029708N,106.09763946855034E
647,Vĩnh Long-316,0.0429524257779121,10.251692338402854N,105.97471455560544E
513,Sa Đéc City-275,0.0429503843188285,10.300405338991688N,105.76551580943627E
875,Long Xuyen City-257,0.0429055020213127,10.331364404900643N,105.48242247158353E
77,Cai Lậy Town-1041,0.0428546741604805,10.441012176006357N,106.10735964705452E
454,Chau Doc City-1008,0.0427840575575828,10.698479942555064N,105.11522045413554E
590,Tây Ninh City-718,0.0427441745996475,11.360949708070418N,106.16636043841969E
594,Tây Ninh City-476,0.0427275970578193,11.34478010691593N,106.10863482372945E
451,Chau Doc City-1169,0.0427058897912502,10.714649543709534N,105.11247794207179E
72,Cai Lậy Town-556,0.042677991092205,10.403283106645949N,106.12106049826308E
300,Duy Tiên District-541,0.0426676347851753,20.62678351085093N,106.00800588897498E
105,Ninh Bình-321,0.0426525697112083,20.2469173425315N,105.9859424731437E
766,Mỹ Tho-369,0.0426306724548339,10.355659805482505N,106.35740528297643E
867,Long Xuyen City-1001,0.042606309056282,10.396042809518477N,105.4276285517707E
931,Tây Ninh City-102,0.0425843149423599,11.309745971081202N,106.10038830734511E
583,Tây Ninh City-102,0.0425843149423599,11.309745971081202N,106.10038830734511E
920,Tây Ninh City-11,0.0425798222422599,11.296271303452464N,106.11688134011376E
659,Long Hồ District-1646,0.042573407292366,10.259092711779019N,105.99751811093057E
542,Long Hồ District-1313,0.042465753853321,10.218668708892883N,105.9865641487E
603,Yên Mỹ District-119,0.0423969104886055,20.858579940999665N,106.03637638993158E
876,Long Xuyen City-227,0.0423867329955101,10.328669471374901N,105.48516216757416E
554,Long Hồ District-971,0.0422173663973808,10.19171937363546N,106.0112105637188E
857,Sa Đéc City-173,0.042194627225399,10.286930671362976N,105.76825507652235E
849,Sa Đéc City-332,0.0421734862029552,10.308490139568919N,105.7572980081781E
713,Trà Vinh City-326,0.0421303398907184,9.941879040039218N,106.33997394682622E
561,Trà Vinh City-326,0.0421303398907184,9.941879040039218N,106.33997394682622E
699,Trà Vinh City-326,0.0421303398907184,9.941879040039218N,106.33997394682622E
487,Cao Lanh City-1191,0.0420942530035972,10.49986740954816N,105.57009874080471E
565,Mỹ Tho-413,0.0420048981904983,10.358354739008243N,106.36836374305116E
624,Vĩnh Long-498,0.0419922545552253,10.265167006031568N,105.89529331299819E
935,Tây Ninh City-171,0.0419890955090522,11.317830771658448N,106.08939295216604E
768,Mỹ Tho-451,0.0419578328728675,10.361049672533989N,106.36288451301381E
809,Ninh Bình-343,0.0419267974793911,20.24961227605732N,105.96583578475317E
433,Thái Bình-411,0.0419164672493934,20.45272250964619N,106.33207371767911E
488,Cao Lanh City-1164,0.0418698191642761,10.49717247602242N,105.58928207094542E
760,Mỹ Tho-478,0.0418493524193763,10.363744606059734N,106.3272695177709E
343,Phu Ly City-604,0.0417761951684951,20.547804543776063N,105.96749320921272E
60,Mỹ Tho-499,0.0417384505271911,10.363744606059734N,106.38480143316325E
815,Ninh Bình-489,0.0416968986392021,20.265781877212248N,105.97158055286475E
399,Hoa Lư District-1012,0.0416666753590106,20.292314447720084N,105.96219762730111E
671,Bến Tre City-419,0.0416594818234443,10.238110139548812N,106.37623179321878E
782,Mỹ Tho-487,0.0415150709450244,10.363744606059734N,106.35192605293904E
20,Cao Lanh City-885,0.0415031462907791,10.472918074290726N,105.64683206136746E
43,Vĩnh Long-91,0.0414198450744152,10.235522737248402N,105.95828257437634E
67,Cai Lậy Town-468,0.0414091162383556,10.395198306068721N,106.19504509478917E
755,Cai Lậy Town-468,0.0414091162383556,10.395198306068721N,106.19504509478917E
882,Long Xuyen City-779,0.0413048677146434,10.377178274838275N,105.43310794375199E
427,Thái Bình-285,0.0412786677479743,20.441942775542895N,106.35508377699372E
942,Hiệp Hòa District-565,0.0412719696760177,21.283697610484317N,106.00353233532584E
335,Phu Ly City-504,0.0411938354372978,20.54241467672441N,105.90130015169234E
380,Phu Ly City-61,0.0411837324500083,20.50738054088869N,105.90993402876016E
807,Ninh Bình-319,0.0411132499575614,20.2469173425315N,105.98019770503211E
592,Tây Ninh City-206,0.0410944372415542,11.320525705184194N,106.11413250131899E
566,Mỹ Tho-409,0.0410888232290744,10.358354739008243N,106.35740528297643E
663,Vĩnh Long-264,0.0410248525440692,10.248997404877112N,105.94458925668548E
73,Cai Lậy Town-591,0.0410230532288551,10.405978040171693N,106.11832032802134E
633,Vĩnh Long-435,0.0408789217472076,10.259777138980082N,105.94732792022363E
511,Sa Đéc City-251,0.040857508778572,10.297710405465946N,105.7572980081781E
470,Long Xuyen City-783,0.0407963432371616,10.377178274838275N,105.44406672771456E
910,Tây Ninh City-734,0.0407594889402389,11.363644641596165N,106.10038830734511E
117,Hiệp Hòa District-2296,0.0407191440463066,21.396884818569333N,105.99485300812638E
109,Hiệp Hòa District-1660,0.040705669671297,21.34837601510432N,105.98906678999342E
211,Mỹ Hào District-291,0.0406529307365417,20.917716409218183N,106.10795652683545E
837,Tam Điệp-637,0.0406250320374965,20.157424543078324N,105.91248661391052E
831,Tam Điệp-637,0.0406250320374965,20.157424543078324N,105.91248661391052E
772,Mỹ Tho-374,0.0405837744474411,10.355659805482505N,106.37110335806985E
59,Mỹ Tho-374,0.0405837744474411,10.355659805482505N,106.37110335806985E
19,Cao Lanh City-1012,0.0405653938651084,10.4836978083937N,105.64135110989872E
945,Bac Giang City-372,0.040457971394062,21.27261494343084N,106.20251376330387E
946,Bac Giang City-372,0.040457971394062,21.27261494343084N,106.20251376330387E
527,Long Hồ District-1496,0.0402740314602851,10.234838310047335N,105.93727131866235E
373,Thanh Liêm District-380,0.04022728651762,20.418106143160266N,105.9275776143036E
328,Phu Ly City-1006,0.0402013510465621,20.582838679611783N,105.93007974191856E
901,Chau Doc City-1107,0.0401318855583667,10.7065647431323N,105.10699291794428E
201,Mỹ Hào District-333,0.0400842130184173,20.92041134274402N,106.13969402854079E
378,Thanh Liêm District-1281,0.0400761254131794,20.472004813676733N,105.92182538680898E
65,Mỹ Tho-628,0.0398812815546989,10.374524340162703N,106.30535259762144E
759,Mỹ Tho-628,0.0398812815546989,10.374524340162703N,106.30535259762144E
701,Trà Vinh City-636,0.0398522913455963,9.979608109399596N,106.34818224616954E
322,Duy Tiên District-719,0.0397531613707542,20.637563244954233N,105.97057096411882E
514,Sa Đéc City-99,0.0397099256515502,10.278845870785746N,105.73538387148966E
282,Hung Yen City-136,0.0396803468465805,20.623307607400292N,106.07776432369208E
185,Bac Giang City-484,0.0396389625966548,21.280699744008338N,106.21697333616525E
248,Yên Mỹ District-713,0.0396320670843124,20.90169887741291N,105.98156817782571E
193,Mỹ Hào District-634,0.0395765900611877,20.94466574447648N,106.04448152342489E
913,Tây Ninh City-36,0.0394965037703514,11.30166117050396N,106.10588598493464E
914,Tây Ninh City-36,0.0394965037703514,11.30166117050396N,106.10588598493464E
828,Ninh Bình-402,0.0394640639424324,20.255002143108964N,105.98019770503211E
823,Ninh Bình-402,0.0394640639424324,20.255002143108964N,105.98019770503211E
796,Go Cong Town-168,0.0394150651991367,10.360355271383954N,106.67859249650996E
562,Trà Vinh City-209,0.039396334439516,9.92031957183329N,106.32355734813949E
423,Thái Bình-350,0.0393085330724716,20.447332642594546N,106.34645500475075E
424,Thái Bình-350,0.0393085330724716,20.447332642594546N,106.34645500475075E
187,Bac Giang City-316,0.0392779596149921,21.267225076379173N,106.2227571653098E
213,Mỹ Hào District-315,0.0392667166888713,20.92041134274402N,106.0877599348412E
855,Sa Đéc City-154,0.0392664112150669,10.284235737837234N,105.76825507652235E
357,Thanh Liêm District-383,0.0392527393996715,20.418106143160266N,105.93620595554552E
752,Cai Lậy Town-1071,0.0391660705208778,10.441012176006357N,106.18956475430575E
625,Long Hồ District-438,0.0391569137573242,10.16746497190378N,105.89619396029765E
234,Yên Mỹ District-314,0.0391034521162509,20.87474954215463N,106.03060710444676E
233,Yên Mỹ District-314,0.0391034521162509,20.87474954215463N,106.03060710444676E
732,Trà Vinh City-265,0.0390460714697837,9.92840437241051N,106.33997394682622E
676,Bến Tre City-536,0.039041519165039,10.24619494012604N,106.36253914363303E
790,Go Cong Town-161,0.039034180343151,10.360355271383954N,106.65941229431952E
133,Hiệp Hòa District-1342,0.039027877151966,21.332206413949315N,105.95724259026198E
581,Go Cong Town-465,0.0389441661536693,10.392694473692872N,106.64297212101346E
847,Sa Đéc City-254,0.0389397405087947,10.297710405465946N,105.76551580943627E
859,Sa Đéc City-254,0.0389397405087947,10.297710405465946N,105.76551580943627E
860,Sa Đéc City-254,0.0389397405087947,10.297710405465946N,105.76551580943627E
740,Cai Lậy Town-1201,0.0389309674501419,10.451791910109334N,106.11558015777963E
190,Bac Giang City-337,0.0389174669981002,21.269920009905004N,106.19383801958705E
191,Bac Giang City-337,0.0389174669981002,21.269920009905004N,106.19383801958705E
656,Long Hồ District-1588,0.0388762988150119,10.245618044150305N,106.00299509204586E
743,Cai Lậy Town-594,0.0388600081205368,10.405978040171693N,106.12654083874648E
702,Trà Vinh City-785,0.0388004668056964,9.998472644079785N,106.32082124835837E
50,Trà Vinh City-785,0.0388004668056964,9.998472644079785N,106.32082124835837E
908,Tây Ninh City-73,0.0387378223240375,11.307051037555455N,106.08664411337125E
101,Tam Điệp-744,0.0387283116579055,20.162814410129968N,105.92971157495782E
856,Sa Đéc City-157,0.0386290475726127,10.284235737837234N,105.77647287778049E
563,Bến Tre City-828,0.0386024266481399,10.270449341857724N,106.35980061371586E
278,Hung Yen City-399,0.0385930947959423,20.64756200913272N,106.0547231241024E
275,Hung Yen City-399,0.0385930947959423,20.64756200913272N,106.0547231241024E
13,Long Xuyen City-497,0.038468562066555,10.352923873106583N,105.4605049036584E
436,Thái Bình-621,0.0383417420089244,20.471587044326956N,106.35796003440808E
526,Long Hồ District-1421,0.0382636077702045,10.229448442995853N,105.92084037531647E
421,Thái Bình-275,0.0382351465523242,20.441942775542895N,106.32632120285044E
327,Phu Ly City-1007,0.0382325537502765,20.582838679611783N,105.9329577009412E
900,Chau Doc City-615,0.0380517244338989,10.674225540823365N,105.08231030937058E
631,Vĩnh Long-433,0.0380307883024215,10.259777138980082N,105.9418505931473E
532,Long Hồ District-1995,0.0380233153700828,10.286042047036446N,105.99204112981529E
428,Thái Bình-180,0.0378748178482055,20.433857974965427N,106.34645500475075E
375,Thanh Liêm District-804,0.0378156304359436,20.445055478418503N,105.9247015005563E
374,Thanh Liêm District-804,0.0378156304359436,20.445055478418503N,105.9247015005563E
852,Sa Đéc City-231,0.0377858877182006,10.295015471940204N,105.76277654235021E
858,Sa Đéc City-231,0.0377858877182006,10.295015471940204N,105.76277654235021E
130,Hiệp Hòa District-1495,0.0377361550927162,21.340291214526815N,105.93988393586307E
414,Thái Bình-203,0.0376961678266525,20.436552908491254N,106.31481617319312E
303,Duy Tiên District-855,0.0376766622066497,20.645648045531708N,105.93313603926266E
472,Long Xuyen City-738,0.0376247242093086,10.374483341312532N,105.41393007181749E
473,Long Xuyen City-738,0.0376247242093086,10.374483341312532N,105.41393007181749E
446,Thái Bình-74,0.0375708527863025,20.42038330733631N,106.34645500475075E
928,Tây Ninh City-1510,0.0375417359173297,11.414848378585386N,106.1718581160092E
771,Mỹ Tho-333,0.037521980702877,10.35296487195676N,106.36836374305116E
458,Chau Doc City-1019,0.0375080406665802,10.698479942555064N,105.14538808683676E
786,Go Cong Town-712,0.0373640656471252,10.416948875424564N,106.62379191882302E
906,Tây Ninh City-374,0.0373395681381225,11.336695306338685N,106.08389527457648E
336,Phu Ly City-381,0.0373187325894832,20.534329876146938N,105.91856790582808E
726,Trà Vinh City-249,0.0372185483574867,9.925709438884772N,106.33450174726396E
276,Hung Yen City-424,0.0372022427618503,20.650256942658544N,106.0547231241024E
926,Tây Ninh City-91,0.0371626019477844,11.307051037555455N,106.13612321167716E
337,Phu Ly City-677,0.036998800933361,20.55319441082771N,105.96461525019008E
784,Mỹ Tho-307,0.036979004740715,10.350269938431014N,106.40945796833137E
684,Bến Tre City-410,0.0369564518332481,10.238110139548812N,106.35158502396443E
316,Duy Tiên District-241,0.0369312614202499,20.60522404264433N,105.93313603926266E
315,Duy Tiên District-241,0.0369312614202499,20.60522404264433N,105.93313603926266E
314,Duy Tiên District-241,0.0369312614202499,20.60522404264433N,105.93313603926266E
305,Duy Tiên District-801,0.0368858575820922,20.64295311200589N,105.92161760084535E
591,Tây Ninh City-190,0.0367714837193489,11.317830771658448N,106.1416208892667E
84,Thái Bình-414,0.0367163568735122,20.45272250964619N,106.34070248992211E
574,Cai Lậy Town-728,0.0365948714315891,10.416757774274666N,106.12380066850477E
916,Tây Ninh City-737,0.0365512631833553,11.363644641596165N,106.10863482372945E
524,Binh Minh Town-563,0.0364206805825233,10.04502600711857N,105.86247898132903E
393,Hoa Lư District-1016,0.0364155620336532,20.292314447720084N,105.97368752930801E
147,Hiệp Hòa District-267,0.0364026129245758,21.26483307580349N,105.9283114995971E
538,Long Hồ District-1775,0.0363964103162288,10.269872445881987N,106.00299509204586E
614,Phu Ly City-511,0.036388911306858,20.54241467672441N,105.92144586485068E
729,Trà Vinh City-302,0.0363709814846515,9.936489172987736N,106.33997394682622E
387,Hoa Lư District-1206,0.0362986139953136,20.311178982400836N,105.94209029878895E
617,Phu Ly City-665,0.0362404510378837,20.55319441082771N,105.93007974191856E
32,Binh Minh Town-189,0.0362106077373027,10.012686804809675N,105.85700517877159E
363,Thanh Liêm District-373,0.0362104773521423,20.418106143160266N,105.90744481807246E
868,Long Xuyen City-913,0.0361154675483703,10.387958008941244N,105.43310794375199E
661,Long Hồ District-1013,0.0360362716019153,10.194414307161201N,106.01394905427645E
733,Trà Vinh City-195,0.0360087603330612,9.917624638307553N,106.33997394682622E
599,Yên Mỹ District-613,0.0359923541545867,20.893614076835426N,106.04503031815884E
894,Cao Lanh City-703,0.0359822213649749,10.456748473136265N,105.6440915856331E
871,Long Xuyen City-852,0.0357206389307975,10.382568141889761N,105.44406672771456E
879,Long Xuyen City-852,0.0357206389307975,10.382568141889761N,105.44406672771456E
220,Yên Mỹ District-1069,0.0356982201337814,20.931343146197026N,106.02483781896193E
530,Long Hồ District-1866,0.0356300547719001,10.277957246459216N,105.95370226200825E
719,Trà Vinh City-306,0.0356251522898674,9.936489172987736N,106.35091834595066E
381,Thanh Liêm District-1809,0.0356019362807273,20.504344015986618N,105.9275776143036E
384,Thanh Liêm District-1291,0.0355544127523899,20.472004813676733N,105.95058652428204E
579,Go Cong Town-925,0.0355036407709121,10.430423543053276N,106.68133252539432E
521,Binh Minh Town-30,0.0353724770247936,9.993822270129487N,105.87342658644403E
746,Cai Lậy Town-1393,0.0352417826652526,10.465266577738051N,106.15668271140524E
747,Cai Lậy Town-1393,0.0352417826652526,10.465266577738051N,106.15668271140524E
613,Phu Ly City-255,0.0352412164211273,20.526245075569467N,105.92432382387332E
306,Duy Tiên District-897,0.0351698473095893,20.648342979057535N,105.91297877203239E
228,Yên Mỹ District-482,0.0348987728357315,20.885529276257937N,106.03637638993158E
229,Yên Mỹ District-482,0.0348987728357315,20.885529276257937N,106.03637638993158E
58,Go Cong Town-97,0.0348499491810798,10.352270470806722N,106.67859249650996E
376,Thanh Liêm District-899,0.034817598760128,20.450445345470147N,105.91894927306168E
370,Thanh Liêm District-1760,0.034703355282545,20.501649082460798N,105.89594036308324E
466,Long Xuyen City-848,0.0346303507685661,10.382568141889761N,105.43310794375199E
721,Trà Vinh City-301,0.0343970879912376,9.936489172987736N,106.3372378470451E
787,Go Cong Town-946,0.034353245049715,10.433118476579022N,106.62927197659172E
522,Binh Minh Town-200,0.0342728793621063,10.012686804809675N,105.88711109283771E
905,Chau Doc City-1113,0.0342476814985275,10.7065647431323N,105.12344799032675E
422,Thái Bình-312,0.0339562743902206,20.44463770906872N,106.33494997509344E
544,Long Hồ District-1405,0.0338632613420486,10.22675350947011N,105.97834867702704E
247,Yên Mỹ District-547,0.0338500887155532,20.89091914330959N,105.97868353508328E
596,Duy Tiên District-873,0.0337236635386943,20.645648045531708N,105.98496901214044E
814,Ninh Bình-518,0.0333867222070694,20.27117174426389N,105.95147386447422E
230,Yên Mỹ District-438,0.0333253741264343,20.88283434273211N,106.03349174718919E
776,Mỹ Tho-292,0.0331347063183784,10.350269938431014N,106.36836374305116E
139,Hiệp Hòa District-777,0.0329931564629077,21.299867211639317N,105.93699082679657E
685,Bến Tre City-420,0.0329766944050788,10.238110139548812N,106.37897032313595E
696,Bến Tre City-420,0.0329766944050788,10.238110139548812N,106.37897032313595E
775,Mỹ Tho-780,0.0329429395496845,10.385304074265676N,106.30535259762144E
333,Phu Ly City-538,0.0329149439930915,20.54510961025024N,105.88691035657918E
270,Hung Yen City-447,0.0325001701712608,20.652951876184368N,106.04896282420499E
853,Sa Đéc City-191,0.031928926706314,10.289625604888718N,105.76551580943627E
865,Long Xuyen City-969,0.0318110436201095,10.39334787599273N,105.41940946379876E
217,Mỹ Hào District-380,0.0318026915192604,20.925801209795672N,106.09064516226894E
799,Go Cong Town-360,0.0312011055648326,10.379219806064155N,106.69777269870038E
493,Cao Lanh City-1071,0.030773127451539,10.48908767544519N,105.61668682828926E
664,Binh Minh Town-783,0.0301674921065568,10.066585475324505N,105.80774095575431E
24,Binh Minh Town-783,0.0301674921065568,10.066585475324505N,105.80774095575431E
159,Hiệp Hòa District-364,0.0298847164958715,21.270222942855153N,106.00642544439235E
126,Hiệp Hòa District-1986,0.0282216146588325,21.36993548331099N,105.9225252814641E
437,Thái Bình-734,0.0281926840543746,20.48506171195607N,106.34933126216508E
271,Hung Yen City-398,0.0280315577983856,20.64756200913272N,106.05184297415371E
272,Hung Yen City-398,0.0280315577983856,20.64756200913272N,106.05184297415371E
739,Cai Lậy Town-927,0.0278223566710948,10.432927375429129N,106.11283998753794E
678,Bến Tre City-693,0.0276593901216983,10.256974674229012N,106.36801620346733E
372,Thanh Liêm District-270,0.0272713154554367,20.410021342582795N,105.88443590809402E
367,Thanh Liêm District-1417,0.0267083570361137,20.48008961425421N,105.89881647683056E
304,Duy Tiên District-802,0.0262797232717275,20.64295311200589N,105.92449721044969E
69,Cai Lậy Town-204,0.0232956912368536,10.379028704914266N,106.12654083874648E
125,Hiệp Hòa District-2029,0.0228938497602939,21.372630416836827N,105.94567015399605E
